,staked_rpl_value_in_eth,provided_eth,matched_eth
0,0.0,0.0,0.0
1,0.0,0.0,0.0
2,0.0,0.0,0.0
3,0.0,0.0,0.0
4,90.85670009351425,112.0,336.0
5,1255.3431350782816,792.0,1832.0
6,0.0,0.0,0.0
7,15.338531780642946,24.0,72.0
8,220.56428301165002,192.0,320.0
9,509.8467592159276,368.0,1104.0
10,13.673670922417152,48.0,48.0
11,10.1180225638482,16.0,48.0
12,42.326364925303686,16.0,16.0
13,32.33172017788939,80.0,240.0
14,38.355744061172786,40.0,120.0
15,235.00759152182337,216.0,648.0
16,20.64329174070423,16.0,48.0
17,68.41460582687561,88.0,264.0
18,379.5168482747903,480.0,800.0
19,38.58075442190453,64.0,64.0
20,13.103801637727255,16.0,48.0
21,61.980754313601935,32.0,96.0
22,35.715693022252104,48.0,144.0
23,46.17421628214948,32.0,96.0
24,9.05334098314823,16.0,48.0
25,1158.37189316573,1032.0,3096.0
26,58.945998650062464,56.0,104.0
27,549.0325416958385,360.0,1080.0
28,188.4621723867697,160.0,480.0
29,455.83053207820836,424.0,1112.0
30,9.854734789544372,32.0,96.0
31,14.658639064825532,16.0,48.0
32,100.54712247615879,96.0,288.0
33,85.65081234282843,64.0,192.0
34,384.7851356974594,416.0,608.0
35,16.85175663477294,16.0,16.0
36,19.76330481165414,24.0,72.0
37,47.7937282011137,48.0,48.0
38,32.93498586083803,32.0,32.0
39,19.317867053418148,16.0,48.0
40,65.59462578875946,72.0,216.0
41,18.67837363517696,16.0,16.0
42,98.01776806765086,320.0,544.0
43,41.86779964930882,40.0,120.0
44,166.47886337672057,168.0,408.0
45,0.0,0.0,0.0
46,28.858877689215934,64.0,64.0
47,84.32450368094091,80.0,176.0
48,50.02206763899526,32.0,96.0
49,237.69353917030284,176.0,528.0
50,14.580718077594963,32.0,96.0
51,60.98785868947132,32.0,96.0
52,23.0872104064929,16.0,48.0
53,21.57615678021117,16.0,48.0
54,117.90042216492886,128.0,384.0
55,192.39256784228948,128.0,384.0
56,34.54700970228394,48.0,144.0
57,71.91996798624295,288.0,736.0
58,2792.622363840075,2080.0,2080.0
59,14.658639064825532,24.0,72.0
60,7.873491139961773,24.0,72.0
61,15.495947220598586,40.0,120.0
62,10.894603624816678,16.0,48.0
63,49.80584432255199,48.0,144.0
64,42.215191364349465,32.0,96.0
65,183.52311711338746,528.0,976.0
66,23.087108159399595,64.0,192.0
67,0.0,0.0,0.0
68,0.0,0.0,0.0
69,227.04096436727724,216.0,648.0
70,67.33739874480132,64.0,192.0
71,12.859689855944856,24.0,72.0
72,8.088399607129546,16.0,16.0
73,183.09964032860591,96.0,96.0
74,14.658639064825532,16.0,48.0
75,38.4785135684579,32.0,96.0
76,0.0,0.0,0.0
77,5.943301324855117,16.0,48.0
78,70.06227389925422,64.0,192.0
79,18.631369583921714,32.0,96.0
80,38.4785135684579,64.0,192.0
81,484.8292709625695,208.0,624.0
82,80.7866336293269,80.0,80.0
83,0.0,0.0,0.0
84,7.52348424173909,16.0,48.0
85,30.301643997342516,16.0,48.0
86,52.49288849483114,136.0,408.0
87,251.07831320589403,112.0,112.0
88,231.3909722467124,160.0,448.0
89,25.032795262117563,16.0,48.0
90,0.0,0.0,0.0
91,123.90938485628882,96.0,288.0
92,5354.746905213738,4800.0,4800.0
93,48.963388872677115,32.0,32.0
94,42.15869570929224,72.0,216.0
95,160.564488166436,96.0,128.0
96,407.045138180014,1392.0,4144.0
97,6.933948895810729,16.0,48.0
98,14.658639064825532,32.0,96.0
99,43.9450757931438,40.0,120.0
100,48.64573026450587,32.0,96.0
101,19.245623816662427,16.0,48.0
102,92.43810114822205,32.0,96.0
103,15.763894691866435,24.0,40.0
104,25.336689951267385,32.0,32.0
105,7.531650461816833,32.0,32.0
106,12.505554837724205,16.0,16.0
107,19.596334153925206,16.0,48.0
108,19.3102055797809,48.0,112.0
109,0.0,0.0,0.0
110,23.284509380071206,16.0,16.0
111,9.329098774541341,16.0,48.0
112,67.33739874480132,40.0,120.0
113,0.0,0.0,0.0
114,66.0014178534234,64.0,192.0
115,10.874007785394303,16.0,48.0
116,15.391405427383159,16.0,16.0
117,9.036920491369601,40.0,120.0
118,3.3005021448799914,16.0,16.0
119,10.795616748102226,16.0,48.0
120,159.12048584465117,136.0,184.0
121,8.784952589973445,24.0,72.0
122,3.7986292975455336,16.0,16.0
123,8.70209801640605,16.0,16.0
124,16.724454626851433,32.0,96.0
125,41.32894269353054,32.0,96.0
126,15.236672708568056,16.0,48.0
127,11.036452207098792,32.0,96.0
128,41.653511217841505,32.0,96.0
129,150.5083570482621,120.0,264.0
130,0.0,0.0,0.0
131,199.10706846380376,320.0,960.0
132,26.936996740408848,32.0,96.0
133,128.28402411356348,96.0,160.0
134,26.081085169722147,24.0,72.0
135,51.09651528675749,40.0,120.0
136,34.72562072263867,32.0,96.0
137,19.8570542766278,16.0,16.0
138,59.966544681567726,48.0,144.0
139,15.999738143179044,24.0,72.0
140,17.71150809081286,16.0,48.0
141,120.67601242786208,120.0,360.0
142,11.02075066704375,16.0,48.0
143,30.109436867318305,16.0,48.0
144,3.201313439237956,16.0,16.0
145,18.505487043693286,16.0,48.0
146,83.11358930786905,48.0,48.0
147,21.639449396284846,88.0,200.0
148,0.0,0.0,0.0
149,139.17186170081388,288.0,288.0
150,147.54625120912272,288.0,288.0
151,24.599454872671085,64.0,160.0
152,125.05516911251014,80.0,80.0
153,25.471987208393806,32.0,96.0
154,8.784260341586382,16.0,16.0
155,188.93635992470337,160.0,480.0
156,19.77371272247983,16.0,48.0
157,0.0,0.0,0.0
158,44.4017637425574,72.0,216.0
159,121.20731774064238,160.0,160.0
160,8.48589465298731,16.0,48.0
161,10.197853632140932,16.0,48.0
162,11.494486989997696,16.0,48.0
163,3.2709509646588115,16.0,16.0
164,18.021189806809367,16.0,16.0
165,14.361618684367015,16.0,16.0
166,16.987726574317055,16.0,16.0
167,19.672691894900368,80.0,80.0
168,51.03951773985721,64.0,192.0
169,17.93704970009634,16.0,48.0
170,40.402439246880796,176.0,272.0
171,116.38068739422357,112.0,272.0
172,19.000441094920433,80.0,80.0
173,10.691822736667664,16.0,16.0
174,0.0,0.0,0.0
175,0.0,0.0,0.0
176,19.33093576280092,16.0,16.0
177,3.9229688666693074,16.0,16.0
178,64.73292774080896,96.0,288.0
179,404.0243718143976,432.0,432.0
180,14.62007165528604,56.0,72.0
181,3.325148637502996,16.0,16.0
182,26.310612266718753,16.0,16.0
183,44.112584629131845,384.0,384.0
184,0.0,0.0,0.0
185,88.38509415816723,536.0,584.0
186,0.0,0.0,0.0
187,6.167287276115427,16.0,16.0
188,40.02917385192001,56.0,168.0
189,76.99935296485063,128.0,128.0
190,51.945993317418164,32.0,96.0
191,17.466939648388422,32.0,96.0
192,75.29177897356371,32.0,32.0
193,74.43508327240244,56.0,168.0
194,44.29875377614017,184.0,552.0
195,15.9904341097443,32.0,32.0
196,29.595627165731983,16.0,48.0
197,37.91526177272899,40.0,120.0
198,0.0,0.0,0.0
199,0.0,0.0,0.0
200,0.0,0.0,0.0
201,22.071580471679344,48.0,144.0
202,39.03978434828658,40.0,120.0
203,5.33197045923806,16.0,16.0
204,89.79900262342304,128.0,160.0
205,17.02709310025573,40.0,120.0
206,15.691379033436345,16.0,16.0
207,34.95445731147533,104.0,312.0
208,103.56718633765442,144.0,304.0
209,38.7478631634371,32.0,96.0
210,12.785709683936789,32.0,96.0
211,34.24329743142805,24.0,72.0
212,25.57694070803281,32.0,64.0
213,7.508997281699687,16.0,16.0
214,0.0,0.0,0.0
215,25.145674204568977,16.0,48.0
216,55.4021840953915,40.0,56.0
217,353.4088799024501,160.0,480.0
218,18.257843146659948,16.0,48.0
219,69.96563173308921,80.0,144.0
220,3.7301542937428325,16.0,16.0
221,10.143993323888372,16.0,48.0
222,14.6586390654327,40.0,120.0
223,20.454346091413004,0.0,0.0
224,18.860409713834787,16.0,48.0
225,26.425630657834628,40.0,120.0
226,50.48463154766968,48.0,48.0
227,165.13671531703457,144.0,432.0
228,0.0,0.0,0.0
229,60.3505593518424,48.0,144.0
230,32.583967718087365,32.0,32.0
231,243.71402641062753,112.0,336.0
232,193.48521574541766,216.0,424.0
233,27.87841457635339,96.0,192.0
234,37.61752665078155,48.0,144.0
235,120.25683777782699,80.0,240.0
236,88.73077957886417,80.0,240.0
237,41.3267453405505,16.0,16.0
238,150.97814223694238,88.0,264.0
239,23.527060314295188,32.0,32.0
240,9.728094865883595,16.0,16.0
241,0.0,0.0,0.0
242,18.65202045691053,32.0,96.0
243,0.0,0.0,0.0
244,0.0,0.0,0.0
245,19.23925678422895,48.0,48.0
246,13.437733521982,16.0,16.0
247,9.359895260564302,32.0,32.0
248,0.0,0.0,0.0
249,14.66142598549736,40.0,120.0
250,3.8104001608832876,16.0,16.0
251,0.0,0.0,0.0
252,75.08714714487083,80.0,240.0
253,28.66027458619394,16.0,16.0
254,0.0,0.0,0.0
255,56.32969125767076,96.0,288.0
256,5.93974825058992,0.0,0.0
257,3.0007931510487555,0.0,0.0
258,3.1749181921395184,16.0,16.0
259,39.28589713003217,48.0,144.0
260,0.0,0.0,0.0
261,28.59771913707227,32.0,96.0
262,0.0,0.0,0.0
263,24.755489081574495,32.0,96.0
264,13.988212160201716,56.0,168.0
265,13.214050343640404,16.0,16.0
266,0.0,0.0,0.0
267,78.08647823712427,64.0,64.0
268,19.705501699356873,64.0,64.0
269,74.28886021066842,64.0,192.0
270,25.58900317620211,32.0,32.0
271,436.8476292604764,528.0,1104.0
272,28.53264774037016,80.0,240.0
273,20.75036352733757,48.0,48.0
274,0.0,0.0,0.0
275,0.0,0.0,0.0
276,54.24929276395514,40.0,56.0
277,29.161890156518204,40.0,120.0
278,23.997893481341723,40.0,56.0
279,89.13744448628835,80.0,176.0
280,5.9691531061290775,16.0,16.0
281,45.76258592557476,48.0,112.0
282,23.71824413623329,80.0,144.0
283,6.211641184781469,32.0,32.0
284,24.936125299077574,32.0,96.0
285,12.508284451446006,32.0,32.0
286,35.52420516601699,80.0,80.0
287,138.57692904333376,144.0,432.0
288,69.55501182888945,32.0,96.0
289,0.0,0.0,0.0
290,0.0,0.0,0.0
291,18.55732217752107,32.0,96.0
292,5.172537588313173,16.0,16.0
293,21.69308269640798,64.0,192.0
294,7.132748846099716,16.0,48.0
295,51.13484438419928,64.0,64.0
296,91.58706146803686,64.0,64.0
297,24.86385714644998,16.0,16.0
298,29.820848016530306,32.0,96.0
299,39.511360491479834,96.0,224.0
300,13.921180329158421,32.0,32.0
301,46.301804411635025,32.0,32.0
302,0.0,0.0,0.0
303,19.96257817402721,32.0,32.0
304,0.0,0.0,0.0
305,26.793955998539964,32.0,64.0
306,76.30885119194481,152.0,456.0
307,26.23553070534124,16.0,16.0
308,4.697247911947715,16.0,16.0
309,93.31725274181625,160.0,480.0
310,76.95703228613647,176.0,528.0
311,611.8083657384807,464.0,1392.0
312,0.0,0.0,0.0
313,54.0840189232743,32.0,32.0
314,8.185346852890405,32.0,32.0
315,25.933167485210056,96.0,288.0
316,4.885208476500921,16.0,48.0
317,11.352573316086907,32.0,32.0
318,0.0,0.0,0.0
319,6.28542148074803,16.0,48.0
320,15.017597861547506,32.0,96.0
321,106.08903099950373,144.0,432.0
322,88.08543552611543,200.0,600.0
323,0.0,0.0,0.0
324,78.26636790970794,80.0,176.0
325,15.942356465581044,32.0,96.0
326,1076.3017422801202,736.0,736.0
327,42.81776201951421,48.0,48.0
328,20.470400212255697,24.0,72.0
329,53.86183553815854,48.0,144.0
330,79.4156585726081,80.0,112.0
331,87.65275855221213,336.0,1008.0
332,28.93835392783418,16.0,16.0
333,78.22746288694769,112.0,112.0
334,73.84780581632849,80.0,240.0
335,35.173633867751725,16.0,16.0
336,26.845182745936476,16.0,16.0
337,22.33701862736288,16.0,16.0
338,4.3253559110835775,0.0,0.0
339,16.6771187531882,48.0,144.0
340,0.0,0.0,0.0
341,0.0,0.0,0.0
342,0.0,0.0,0.0
343,48.126813129581265,112.0,144.0
344,6.444899609963797,16.0,16.0
345,18.68643100545003,112.0,112.0
346,7.701955393764726,48.0,48.0
347,178.11996429512476,528.0,1584.0
348,39.632868398424236,40.0,120.0
349,7.19138076178817,24.0,72.0
350,12.33790879232674,32.0,64.0
351,44.858927241615746,56.0,72.0
352,4.271115006098826,16.0,16.0
353,249.34462555543442,264.0,792.0
354,20.17766075651508,16.0,16.0
355,87.04512381337588,32.0,96.0
356,125.05516909748818,216.0,648.0
357,17.748130290406053,32.0,96.0
358,21.17708186656235,24.0,40.0
359,7.752578842422484,16.0,48.0
360,0.0,0.0,0.0
361,0.0,0.0,0.0
362,0.0,0.0,0.0
363,36.51270716493869,40.0,56.0
364,83.46006815981191,128.0,320.0
365,25.721146633513495,16.0,48.0
366,9.82296652139112,32.0,96.0
367,9.194406827965874,16.0,48.0
368,0.0,0.0,0.0
369,43.41066927492172,16.0,48.0
370,20.708868328884662,88.0,136.0
371,53.87263753361089,32.0,96.0
372,153.91405429153738,352.0,544.0
373,23.7426597299876,32.0,96.0
374,36.03588851066603,40.0,120.0
375,4.663601969778551,16.0,16.0
376,4.084889752521165,16.0,16.0
377,19.131555884304877,80.0,240.0
378,35.90045315937122,16.0,16.0
379,157.03383930139935,152.0,392.0
380,6.725068045453136,16.0,16.0
381,1.923925678422895e-20,0.0,0.0
382,17.786561619584617,24.0,72.0
383,54.047830491790045,112.0,112.0
384,14.662598273162567,16.0,48.0
385,46.17421628214948,16.0,16.0
386,126.5010458940425,112.0,208.0
387,8.069833027761034,16.0,16.0
388,16.29139446618672,32.0,32.0
389,39.298240055957635,32.0,96.0
390,3.7242092762570103,16.0,16.0
391,0.0,0.0,0.0
392,44.71409245954107,160.0,160.0
393,24.74436768106685,16.0,16.0
394,71.07756534572174,32.0,32.0
395,26.597954810688798,16.0,48.0
396,11.543561916699328,16.0,48.0
397,46.17421628214948,32.0,32.0
398,95.51788688641889,80.0,176.0
399,40.642963349107234,80.0,240.0
400,1.923925678422895e-20,0.0,0.0
401,33.73528361509348,16.0,48.0
402,9.812063186476923,16.0,48.0
403,3.4608737042302766,16.0,16.0
404,15.224135919057625,48.0,144.0
405,57.946567109991186,112.0,336.0
406,13.816620524243476,32.0,96.0
407,18.257843146659948,16.0,48.0
408,33.02952795274747,16.0,48.0
409,0.0,0.0,0.0
410,98.36494789476555,32.0,64.0
411,5.040319160699518,16.0,48.0
412,6.496773837933905,16.0,16.0
413,5.3241876858225785,16.0,48.0
414,13.49360673850562,16.0,16.0
415,15.859787230874202,32.0,96.0
416,11.07008526964818,16.0,16.0
417,70.24730118485607,48.0,48.0
418,51.3152169062429,16.0,16.0
419,29.085806363313317,40.0,56.0
420,14.763016328792254,48.0,144.0
421,3.177744338893544,16.0,16.0
422,60.44327591076975,96.0,192.0
423,21.070875772962356,80.0,240.0
424,30.459817444760457,32.0,32.0
425,20.393233150998082,16.0,48.0
426,44.49383293609368,48.0,80.0
427,5.114670341455045,16.0,16.0
428,8.539608812140777,16.0,16.0
429,24.02279422678619,24.0,72.0
430,28.852018267074502,16.0,48.0
431,22.490042342540647,16.0,16.0
432,4.296456796465269,16.0,16.0
433,11.488458026917433,16.0,16.0
434,4.830198848730099,16.0,48.0
435,20.965739377214472,32.0,32.0
436,57.143093732549396,336.0,592.0
437,0.0,0.0,0.0
438,21.82422325754171,16.0,48.0
439,0.0,0.0,0.0
440,22.67912077116663,16.0,16.0
441,46.18158390988366,32.0,96.0
442,63.52972408674434,48.0,144.0
443,9.526577572459693,16.0,16.0
444,11.032418075904609,16.0,48.0
445,25.848058774015936,48.0,144.0
446,33.76479189710404,32.0,32.0
447,34.857593581789644,0.0,0.0
448,5.991008685451083,16.0,16.0
449,304.23713104118866,224.0,448.0
450,9.63122987149346,24.0,72.0
451,17.11081169538685,16.0,48.0
452,0.0,0.0,0.0
453,213.36001076114803,112.0,112.0
454,4.2654079331901125,16.0,16.0
455,17.507723673648343,16.0,16.0
456,34.50739905254537,32.0,32.0
457,3.759752768114508,16.0,16.0
458,186.71512171877635,288.0,576.0
459,0.0,0.0,0.0
460,3.220459193112084,16.0,16.0
461,10.839645499863087,32.0,96.0
462,128.69914564525016,160.0,480.0
463,4.185756314054926,16.0,16.0
464,11.731830668886184,32.0,32.0
465,17.949609402294705,16.0,16.0
466,6.639554107706832,32.0,32.0
467,194.89940977346123,176.0,496.0
468,9.594830063484137,40.0,88.0
469,89.44452502896047,96.0,96.0
470,4.74901304793996,16.0,16.0
471,3.610074637992473,16.0,16.0
472,7.9688014876854005,32.0,96.0
473,30.129842598523602,48.0,144.0
474,199.58379239282326,816.0,1424.0
475,6.211454779791229,16.0,48.0
476,5.017740978199141,16.0,16.0
477,4.950437784951549,16.0,48.0
478,19.762917133959327,32.0,32.0
479,9.921644917859147,16.0,16.0
480,20.782336842685197,16.0,16.0
481,16.164676867954192,16.0,48.0
482,23.568089560680466,16.0,16.0
483,353.59005616231684,1120.0,1120.0
484,18.746098800525974,16.0,16.0
485,11.372385317904973,16.0,48.0
486,9.734408817546138,16.0,48.0
487,89.41275866578287,80.0,176.0
488,37.160497845177666,16.0,16.0
489,42.70884027075698,40.0,56.0
490,112.31882808859366,152.0,456.0
491,454.64617778863123,392.0,1176.0
492,100.2477228634625,400.0,400.0
493,0.0,0.0,0.0
494,22.11675640749501,16.0,48.0
495,10.292976207554194,16.0,16.0
496,8.392549162498886,16.0,16.0
497,6.309098136388886,16.0,16.0
498,0.0,0.0,0.0
499,0.09619628392114475,0.0,0.0
500,3.334929677703627,16.0,16.0
501,6.417269925118925,16.0,16.0
502,85.8888314146112,64.0,64.0
503,115.97464953037502,288.0,288.0
504,56.73947610068642,216.0,264.0
505,16.919763790580735,32.0,32.0
506,38.4785135684579,32.0,96.0
507,3.948483667683143,16.0,16.0
508,11.566699503782694,40.0,88.0
509,117.26578648967595,112.0,112.0
510,7.483403504041994,16.0,16.0
511,7.059745948120357,32.0,32.0
512,0.0,0.0,0.0
513,3.3300761780647528,16.0,16.0
514,16.527943925627486,16.0,16.0
515,25.01103381949763,24.0,72.0
516,15.17049198628543,16.0,16.0
517,769.5702713691579,224.0,672.0
518,55.176083697852555,48.0,80.0
519,8.62933356458396,32.0,32.0
520,4.287742516711789,16.0,16.0
521,0.0,0.0,0.0
522,0.0,0.0,0.0
523,0.0,0.0,0.0
524,7.29086972273597,16.0,16.0
525,9.223620538997661,16.0,16.0
526,4.457284800234702,16.0,16.0
527,6.768377766800474,16.0,16.0
528,0.0,0.0,0.0
529,3.0102548979331996,16.0,16.0
530,0.0,0.0,0.0
531,26.830686808817806,32.0,32.0
532,36.07236614646507,32.0,32.0
533,1.923925678422895e-20,0.0,0.0
534,45.36571593759788,88.0,136.0
535,319.6002473943176,184.0,232.0
536,9.59186891505439,16.0,16.0
537,39.72906291224345,32.0,32.0
538,16.050418084861445,16.0,16.0
539,18.552018911481273,16.0,16.0
540,17.907764663340725,16.0,48.0
541,17.949609402294705,40.0,88.0
542,3.6830801058693066,16.0,16.0
543,122.36782376819505,104.0,312.0
544,10.705953004268878,24.0,72.0
545,7.942858850721176,16.0,16.0
546,584.4611344276593,544.0,544.0
547,0.0,0.0,0.0
548,0.0,0.0,0.0
549,16.733260007967843,16.0,16.0
550,0.0,0.0,0.0
551,4.479771261608149,16.0,16.0
552,51.56060513947986,64.0,64.0
553,17.815551782196007,16.0,48.0
554,32.60901524054162,16.0,16.0
555,35.48521443380676,32.0,96.0
556,3.5780184392803727,16.0,16.0
557,9.293463325903014,32.0,96.0
558,153.9140542738316,80.0,80.0
559,18.160988606488612,16.0,16.0
560,15.087623951394095,128.0,160.0
561,80.0479773970634,80.0,80.0
562,0.0,0.0,0.0
563,38.51092382545575,24.0,72.0
564,7.5300242172144864,16.0,48.0
565,23.028651541268346,64.0,64.0
566,599.5663814197089,2752.0,2752.0
567,15.220281209389704,32.0,32.0
568,0.0,0.0,0.0
569,4.736186133391328,16.0,16.0
570,5.453136095703188,16.0,16.0
571,0.0,0.0,0.0
572,83.51363121138216,80.0,176.0
573,13.238462776626625,64.0,64.0
574,41.556516007582296,96.0,96.0
575,19.23929071645379,16.0,16.0
576,88.0816473195937,56.0,168.0
577,7.428527085182694,16.0,16.0
578,0.0,0.0,0.0
579,42.66582665801618,32.0,64.0
580,12.650278292424552,56.0,104.0
581,455.5160215835838,2808.0,2824.0
582,79.86812689675746,48.0,144.0
583,8.16062588354421,16.0,16.0
584,6.767346954450189,16.0,16.0
585,55.10895591557859,88.0,104.0
586,17553.087419677566,13936.0,13936.0
587,9.702068808891342,16.0,16.0
588,0.0,0.0,0.0
589,57.2376138987412,40.0,120.0
590,16.210561284141086,56.0,168.0
591,4.726253783260841,0.0,0.0
592,20.167984031633114,56.0,168.0
593,26.97536445203698,80.0,240.0
594,6.731280783811038,32.0,64.0
595,28.165462783122223,96.0,288.0
596,10.344849119577125,32.0,64.0
597,4.767381071435434,16.0,48.0
598,63.74277883418254,216.0,648.0
599,17.714901058720464,16.0,16.0
600,160.11669540768003,168.0,504.0
601,14.176237145773623,64.0,64.0
602,24.816854248542967,32.0,32.0
603,21.07030300652939,16.0,48.0
604,2.4077175141820892,8.0,24.0
605,462.8620694011237,480.0,864.0
606,117.88271083804901,112.0,336.0
607,3.020563315123945,16.0,16.0
608,3.0098003827554303,16.0,16.0
609,71.69082307519881,64.0,64.0
610,28.194936412268035,80.0,240.0
611,47.159730630025,112.0,336.0
612,61.4090492859594,104.0,184.0
613,23.522977120501718,16.0,16.0
614,61.05925612982679,192.0,576.0
615,63.709453452880986,216.0,648.0
616,8.968329806547525,16.0,48.0
617,49.28847475690589,168.0,504.0
618,130.34852433063716,448.0,1344.0
619,8.492070919258211,48.0,80.0
620,17.775403224181648,16.0,16.0
621,12.720677058980119,32.0,32.0
622,73.06511215997126,192.0,320.0
623,0.0,0.0,0.0
624,10.499776708654483,16.0,16.0
625,11.459878612112261,48.0,48.0
626,30.137553768841556,32.0,32.0
627,14.658639064825532,16.0,16.0
628,38.478513578237944,136.0,280.0
629,19.239606869065803,32.0,96.0
630,0.0,0.0,0.0
631,12.23036708599497,16.0,48.0
632,83.4333881971049,32.0,32.0
633,17.684503739265377,32.0,96.0
634,18.25784315260493,16.0,16.0
635,18.042756226408514,32.0,96.0
636,12.38407331266875,32.0,96.0
637,10.389110843821458,16.0,16.0
638,19.243091942371894,16.0,16.0
639,167.63842593856444,136.0,152.0
640,19.55119194839576,16.0,16.0
641,24.919281276960003,48.0,144.0
642,38.478513580590786,32.0,96.0
643,7.902770991935391,16.0,16.0
644,28.155252863078385,104.0,120.0
645,40.427438031445405,48.0,80.0
646,34.15775284796808,48.0,80.0
647,22.872343882298374,32.0,32.0
648,1345.8127547546353,2176.0,2176.0
649,199.25834407455392,160.0,160.0
650,68.31918110545521,64.0,96.0
651,14.06607809658008,16.0,16.0
652,3.5481754045789784,16.0,16.0
653,35.574034007195486,32.0,96.0
654,18.546312264121795,24.0,40.0
655,35.307785953988144,64.0,192.0
656,3.490500214334446,16.0,16.0
657,141.24421392156438,296.0,888.0
658,40.32650373963615,16.0,16.0
659,77.374545839782,48.0,144.0
660,4.743018113733096,16.0,16.0
661,113.25607863120631,464.0,464.0
662,8.100700453135053,16.0,16.0
663,49.75210060807623,200.0,600.0
664,19.207746052643696,16.0,16.0
665,0.0,0.0,0.0
666,42.84468923240062,40.0,120.0
667,12.805662712283596,16.0,16.0
668,29.40888044141123,16.0,16.0
669,9.022025863452308,32.0,96.0
670,43.28832776451514,48.0,144.0
671,126.93579873502851,112.0,336.0
672,743.9527160222533,2208.0,4832.0
673,7.846724676087962,16.0,48.0
674,7.166948191000912,32.0,32.0
675,4.416365460624793,16.0,16.0
676,5.771699378003565,16.0,16.0
677,193.31564061798892,160.0,160.0
678,11.950921679770689,16.0,16.0
679,45.49073739226435,112.0,336.0
680,19.23666026045098,32.0,64.0
681,0.0,0.0,0.0
682,51.945993317418164,32.0,32.0
683,8.512316614445796,16.0,16.0
684,14.677757134138448,16.0,16.0
685,9.19561001113426,16.0,16.0
686,16.77469899707082,24.0,40.0
687,19.6398181762195,32.0,32.0
688,7.633396058643624,16.0,16.0
689,25.61202065963448,120.0,136.0
690,45.00708626790636,32.0,96.0
691,9.445312805035282,16.0,48.0
692,21.246044233730498,64.0,64.0
693,4.10417163538144,16.0,16.0
694,78.93856996310326,272.0,816.0
695,16.254540774560702,16.0,48.0
696,7.282500452833942,32.0,32.0
697,158.37146980530534,64.0,192.0
698,13.781789668297925,16.0,16.0
699,10.505280061866715,32.0,32.0
700,78.0944457866233,48.0,48.0
701,39.559828454063336,48.0,48.0
702,4.956527085098153,16.0,16.0
703,8.922011884950598,8.0,24.0
704,9.619628401608749,40.0,120.0
705,8.602507621643351,32.0,96.0
706,6.120683530663794,16.0,16.0
707,74.9027338990258,72.0,88.0
708,41.98243173861238,16.0,16.0
709,5.509848243963816,16.0,16.0
710,10.877129603109726,32.0,96.0
711,13.072563664204413,48.0,48.0
712,19.42000633259953,16.0,16.0
713,6.410771425383618,16.0,16.0
714,0.0,0.0,0.0
715,35.55650215899784,48.0,48.0
716,37.35141559350082,32.0,96.0
717,85.0732715983531,48.0,80.0
718,7.793972678201649,32.0,32.0
719,12.79410576151225,16.0,16.0
720,16.411644469880486,48.0,144.0
721,78.32967516892518,96.0,224.0
722,94.98716615369774,240.0,240.0
723,3.424587707592753,16.0,16.0
724,13.595843430320208,48.0,48.0
725,5.978777566952109,16.0,16.0
726,5.566044046913969,32.0,32.0
727,24.594435310886443,32.0,32.0
728,183.6423854906267,288.0,288.0
729,28.92416323568914,96.0,288.0
730,64.50197957109462,256.0,256.0
731,7407.128390626473,4832.0,4896.0
732,11.217517415363185,16.0,48.0
733,35.26358620217333,104.0,312.0
734,4.717093318446711,16.0,48.0
735,15.840333426481275,16.0,16.0
736,44.994760600888306,32.0,32.0
737,150.3950603342045,760.0,1544.0
738,22.59081175357387,24.0,72.0
739,76.9570179974687,72.0,216.0
740,96.1962839211448,128.0,128.0
741,3.686086432022691,16.0,16.0
742,119.39004661373598,80.0,80.0
743,15.53674066857103,16.0,48.0
744,29.3862968793777,128.0,384.0
745,12.186489600415468,16.0,16.0
746,54.97859139067404,48.0,48.0
747,47.68183830566908,80.0,240.0
748,161.96982938727353,96.0,96.0
749,26.304452546525003,32.0,96.0
750,34.960430327524804,32.0,96.0
751,6.832217116428084,32.0,32.0
752,4.469502360327727,16.0,16.0
753,24.259063803346358,96.0,96.0
754,134.09165561647265,304.0,304.0
755,14.94825712546378,32.0,96.0
756,156.1427095336776,56.0,168.0
757,10.389198663483631,48.0,48.0
758,58.94858548492303,136.0,408.0
759,55.55765158525017,168.0,248.0
760,123.84164374227863,64.0,64.0
761,7.917761405458171,16.0,16.0
762,64.94794856414055,128.0,128.0
763,245.04866276333226,832.0,2496.0
764,192.29406363570817,792.0,2376.0
765,0.0,0.0,0.0
766,3.182858118914315,16.0,16.0
767,8.773545384180792,16.0,48.0
768,0.0,0.0,0.0
769,0.0,0.0,0.0
770,3.621271001695446,16.0,16.0
771,4.1648954476130875,16.0,16.0
772,4.276306019180205,16.0,16.0
773,20.498973746219697,16.0,48.0
774,3.0559405682765823,16.0,16.0
775,16.83463315228389,0.0,0.0
776,3.3935497232342926,16.0,16.0
777,29.08706326949534,80.0,240.0
778,75.73395586559066,48.0,48.0
779,24.864572211580906,16.0,16.0
780,4.809856870323654,16.0,16.0
781,19.239256797745522,16.0,48.0
782,309.68547237919415,272.0,496.0
783,3.956493064988641,16.0,16.0
784,83.17551903164748,48.0,144.0
785,4.585196925518409,16.0,16.0
786,0.0,0.0,0.0
787,11.206073844234254,16.0,16.0
788,30.157929195190853,16.0,16.0
789,98.4479484115101,96.0,288.0
790,22.146505965723048,24.0,40.0
791,273.2087039468084,160.0,352.0
792,4.78237724167005,16.0,48.0
793,28.44991349013549,48.0,48.0
794,0.0,0.0,0.0
795,35.4293113791478,48.0,48.0
796,800.0720620957799,768.0,2304.0
797,9.953807875784022,48.0,48.0
798,25.766325419065623,48.0,144.0
799,173.1533110526184,512.0,992.0
800,36.75668316324577,16.0,16.0
801,3.3730406883112654,16.0,16.0
802,13.45786012056815,16.0,16.0
803,22.816439044493993,16.0,16.0
804,1179.2115984531672,864.0,2592.0
805,52.387195079059474,64.0,96.0
806,94.67292991782102,96.0,288.0
807,14.99491289369523,64.0,64.0
808,0.0,0.0,0.0
809,7.3000980441526355,16.0,48.0
810,5.440916293874671,16.0,48.0
811,21.023921256315614,24.0,40.0
812,0.0,0.0,0.0
813,30.90685575912439,32.0,32.0
814,48.26457814514799,64.0,192.0
815,41.098069001192925,248.0,328.0
816,40.01104918768446,16.0,16.0
817,23.30053928185842,80.0,240.0
818,3.597514520364972,16.0,16.0
819,0.0,0.0,0.0
820,16.94084334698807,16.0,16.0
821,11.801790238919816,48.0,144.0
822,20.000892486795195,80.0,240.0
823,29.251563928976232,16.0,16.0
824,11.458346321830007,32.0,32.0
825,18.665651879193096,16.0,16.0
826,25.708557050990624,80.0,240.0
827,17.86444019052928,32.0,96.0
828,23.458651892896576,48.0,48.0
829,126.50199413850738,128.0,384.0
830,6.275332295013175,16.0,48.0
831,9.561043024586589,16.0,48.0
832,13.821453119951387,24.0,72.0
833,8.308972279638423,16.0,48.0
834,36.223754869685465,32.0,32.0
835,60.978589949299,48.0,48.0
836,0.0,0.0,0.0
837,35.51870533478341,16.0,16.0
838,19.526148291041107,16.0,48.0
839,32.4030581362343,48.0,48.0
840,24.519490265092912,32.0,32.0
841,17.40339930796111,32.0,64.0
842,29.261046155328962,16.0,16.0
843,6.911504594316609,16.0,48.0
844,5.27943797692912,32.0,32.0
845,3.516099014523543,16.0,16.0
846,0.0,0.0,0.0
847,4.1306083423268944,32.0,32.0
848,4.1919371091246305,16.0,16.0
849,4.368117913644103,16.0,16.0
850,3.6736045247966964,16.0,16.0
851,0.0,0.0,0.0
852,62.53916004703087,104.0,312.0
853,22.525106848000725,32.0,32.0
854,3.742284175767045,16.0,16.0
855,4.844271667569254,32.0,32.0
856,42.83280968467799,32.0,32.0
857,41.86026738710231,32.0,32.0
858,26.055024370992154,32.0,32.0
859,3.1744773693977764,16.0,16.0
860,17.03720745261448,16.0,16.0
861,12.628134462866342,64.0,64.0
862,8.009209782371387,32.0,32.0
863,7.072416821491218,16.0,16.0
864,3.9037997568681972,16.0,16.0
865,4.469024536524229,16.0,16.0
866,0.0,0.0,0.0
867,7.39363208872467,40.0,56.0
868,4.522376545674443,16.0,16.0
869,5.771691200286169,24.0,40.0
870,25.183344688220384,32.0,96.0
871,0.0,0.0,0.0
872,0.0,0.0,0.0
873,5.4427060269095415,16.0,16.0
874,16.435978765768034,16.0,16.0
875,7.945878316094021,16.0,16.0
876,32.63136997693214,32.0,32.0
877,6.272031115859089,16.0,48.0
878,16.68603269886018,8.0,24.0
879,6.5177413664616655,16.0,48.0
880,67.3373987486498,176.0,464.0
881,26.682860984391997,40.0,120.0
882,28.37991648626585,192.0,192.0
883,5.629070766515601,16.0,16.0
884,71.51255821928291,320.0,320.0
885,8.36557883340454,16.0,48.0
886,14.17752440639371,16.0,16.0
887,26.163021064787635,64.0,96.0
888,3.8478513568457897,16.0,16.0
889,11.094139086249871,16.0,16.0
890,0.0,0.0,0.0
891,39.24388796379248,112.0,112.0
892,36.800328415836574,96.0,96.0
893,10.315843259871418,32.0,32.0
894,29.3741017599435,32.0,32.0
895,43.09066833867294,96.0,96.0
896,3.8603692518015373,16.0,16.0
897,8.46454533042644,16.0,48.0
898,20.42037958196907,16.0,16.0
899,9.720822091942248,32.0,32.0
900,146.64414155306426,128.0,128.0
901,18.06851820903636,24.0,40.0
902,29.317278129651065,48.0,144.0
903,0.0,0.0,0.0
904,53.80968192788388,32.0,96.0
905,46.2902109419968,128.0,128.0
906,165.93666639162944,352.0,704.0
907,0.0,0.0,0.0
908,19.47949581554521,32.0,96.0
909,4.959563469324459,16.0,16.0
910,80.80487849551966,72.0,88.0
911,13.817230047673483,64.0,64.0
912,9.89161393031067,40.0,56.0
913,10.841029297763711,32.0,32.0
914,5.174370326559172,16.0,16.0
915,0.0,0.0,0.0
916,69.65370011072946,80.0,80.0
917,5.771777035268685,16.0,16.0
918,7.087065447418886,32.0,32.0
919,7.849316586116345,32.0,32.0
920,120.02334127192121,304.0,304.0
921,7.683927138924425,16.0,16.0
922,8.785265197964431,16.0,16.0
923,10.738243917257831,64.0,64.0
924,5.265016317634037,16.0,48.0
925,14.682002311282876,16.0,16.0
926,11.70955720361516,16.0,16.0
927,9.675228179541975,32.0,32.0
928,6.61826864970062,32.0,64.0
929,45.106815292584436,120.0,360.0
930,12.564056440473275,80.0,112.0
931,5.324749413214759,16.0,16.0
932,0.0,0.0,0.0
933,16.90390953945457,88.0,168.0
934,12.04792899914929,64.0,64.0
935,219.7832844830554,1312.0,1664.0
936,24.462884465123008,64.0,192.0
937,25.66009414998974,24.0,40.0
938,16.346413247784326,16.0,16.0
939,10.307109648050925,48.0,48.0
940,32.551137311724084,72.0,216.0
941,56.34037081707763,72.0,120.0
942,8.996618573829192,16.0,16.0
943,2.985056875950282,16.0,16.0
944,13.95441020775302,32.0,32.0
945,0.0,0.0,0.0
946,19.407116245947364,32.0,32.0
947,20.24582447303964,16.0,16.0
948,28.844377885835108,128.0,128.0
949,144.1940535240098,48.0,48.0
950,3.463066221161211,16.0,16.0
951,19.345056934989426,16.0,48.0
952,19.32487147691877,16.0,48.0
953,0.0,0.0,0.0
954,20.34081074452605,48.0,80.0
955,3.270673653318921,16.0,16.0
956,51.06923430235229,96.0,96.0
957,6.070069576870208,16.0,16.0
958,13.90624593051877,40.0,56.0
959,9.868350298002323,32.0,32.0
960,420.59919818525515,928.0,2784.0
961,19.70122451106057,80.0,240.0
962,64.52081962651182,32.0,32.0
963,64.09640693365317,80.0,240.0
964,110.96532117936677,48.0,144.0
965,11.251827027650107,32.0,96.0
966,2.80483321650731,16.0,16.0
967,4.513518931153905,16.0,16.0
968,3.0790443373745204,16.0,16.0
969,3.0081030181218416,16.0,16.0
970,7.791898997612725,16.0,16.0
971,3.935717017075421,16.0,16.0
972,27.27179907026495,80.0,80.0
973,16.13813213077334,64.0,64.0
974,12.059209005244178,24.0,40.0
975,4.625810448824572,16.0,16.0
976,0.0,0.0,0.0
977,26.25882781455074,48.0,144.0
978,55.6933950977804,80.0,240.0
979,3.381419508497276,16.0,16.0
980,3.349271740688299,16.0,16.0
981,22.818063510790946,32.0,32.0
982,42.936943465411325,64.0,192.0
983,18.232774786386628,80.0,80.0
984,17.634206459097427,64.0,192.0
985,5.213621122276983,32.0,64.0
986,13.967312203404681,16.0,16.0
987,30.684928916437578,96.0,288.0
988,18.731637422352136,16.0,16.0
989,6.9769296267644005,24.0,72.0
990,44.947281663883054,32.0,32.0
991,3.9700884793927775,16.0,16.0
992,7.019583850307726,16.0,16.0
993,0.0,0.0,0.0
994,67.0637476734151,56.0,168.0
995,3.739390515534057,16.0,16.0
996,12.914451763833457,16.0,16.0
997,126.12887914875337,160.0,480.0
998,26.785503899560478,16.0,48.0
999,13.724480125903568,16.0,16.0
1000,64.6931766128037,96.0,288.0
1001,14.137557497963549,32.0,32.0
1002,4.2320283929461695,16.0,48.0
1003,8.244122434290976,32.0,96.0
1004,3.8191369217510345,16.0,16.0
1005,49.825094980455475,224.0,256.0
1006,143.1647465658332,64.0,64.0
1007,23.575056812016744,80.0,240.0
1008,4.025575465656283,16.0,16.0
1009,65.18106284442494,64.0,192.0
1010,67.14582949541514,64.0,192.0
1011,50.10004483412987,80.0,176.0
1012,46.58693867449473,160.0,480.0
1013,3.418695153838724,16.0,16.0
1014,3.7726355537772087,16.0,16.0
1015,3.7401518466794728,16.0,16.0
1016,18.00813489415404,48.0,48.0
1017,3.4889983021951627,16.0,16.0
1018,13.659872316802554,64.0,64.0
1019,0.0,0.0,0.0
1020,5.428247095076765,16.0,16.0
1021,60.307161938030184,32.0,96.0
1022,6.322629275407007,32.0,32.0
1023,9.68152775506638,32.0,96.0
1024,50.749801284061554,64.0,192.0
1025,0.0,0.0,0.0
1026,12.079156794196868,16.0,16.0
1027,3.1026044936802952,16.0,16.0
1028,5.258559021443882,16.0,16.0
1029,38.57249441846523,48.0,48.0
1030,84.6714020601364,112.0,112.0
1031,27.569854971800083,32.0,32.0
1032,11.167679504755665,40.0,56.0
1033,0.0,0.0,0.0
1034,5.467831019976398,32.0,32.0
1035,7.443839678175092,16.0,16.0
1036,0.0,0.0,0.0
1037,10.09785877912737,40.0,88.0
1038,11.700967357780216,32.0,32.0
1039,8.316170030358162,32.0,32.0
1040,63.086917633493464,304.0,912.0
1041,277.27587752383675,648.0,1944.0
1042,0.0,0.0,0.0
1043,8.761339829544854,16.0,16.0
1044,23.05606038919078,40.0,120.0
1045,11.452559724591177,48.0,144.0
1046,10.82786960413107,16.0,16.0
1047,0.0,0.0,0.0
1048,0.0,0.0,0.0
1049,293.58003158648745,416.0,640.0
1050,3.347600992034513,16.0,48.0
1051,11.6459323252676,16.0,48.0
1052,3.2558935222531225,16.0,16.0
1053,4.130804787648392,16.0,16.0
1054,9.465498435135483,32.0,96.0
1055,53.794667500314084,160.0,480.0
1056,59.010427452092884,256.0,768.0
1057,5.428460359770063,16.0,16.0
1058,48.722993653181966,216.0,648.0
1059,0.0,0.0,0.0
1060,19.98454808849564,32.0,32.0
1061,363.0484150136772,800.0,2400.0
1062,3.1263247923304487,16.0,16.0
1063,17.527593131527798,16.0,16.0
1064,6.541347306637842,32.0,32.0
1065,8.29249034026768,16.0,16.0
1066,0.0,0.0,0.0
1067,3.9440476407669345,16.0,48.0
1068,9.770516448818539,0.0,0.0
1069,5.7435216634050015,16.0,16.0
1070,3.3088203730263985,16.0,16.0
1071,8.252245943561062,16.0,48.0
1072,4.683252453558318,16.0,48.0
1073,42.25447831963039,16.0,48.0
1074,22.41026987955389,160.0,224.0
1075,0.0,0.0,0.0
1076,5.801414398869584,32.0,32.0
1077,7.855412301425394,16.0,16.0
1078,144.28754515211475,496.0,688.0
1079,55.19391660923829,72.0,216.0
1080,8.655292469235732,32.0,64.0
1081,19.716584006922567,80.0,80.0
1082,138.90212989700453,864.0,1056.0
1083,35.73788793081378,32.0,32.0
1084,47.55371911521301,32.0,32.0
1085,19.276363010614226,32.0,32.0
1086,0.0,0.0,0.0
1087,0.0,0.0,0.0
1088,0.0,0.0,0.0
1089,10.402273719614852,16.0,16.0
1090,36.23673657627138,112.0,336.0
1091,34.596618110829986,96.0,288.0
1092,38.50899653672861,64.0,192.0
1093,64.35535333009828,64.0,192.0
1094,323.6223009457655,560.0,1680.0
1095,13.274032223467733,56.0,168.0
1096,3.598671529744819,16.0,16.0
1097,4.059430952853085,32.0,32.0
1098,3.8411993419362314,16.0,48.0
1099,55.89317476406737,272.0,528.0
1100,111.94664745953322,128.0,128.0
1101,27.735782644085717,32.0,96.0
1102,27.49255670320028,192.0,192.0
1103,5.566618692264497,32.0,32.0
1104,31.193415674635645,32.0,32.0
1105,25.533337698134773,32.0,32.0
1106,18.95768743302101,16.0,16.0
1107,4.502991446493548,16.0,16.0
1108,9.977887778500389,40.0,120.0
1109,3.732415816140416,16.0,16.0
1110,7.600259172915665,16.0,16.0
1111,9.932247703517309,32.0,32.0
1112,4.795822405324222,16.0,16.0
1113,3.2775762989744153,16.0,16.0
1114,100.44366240169273,216.0,648.0
1115,3.150230053556596,16.0,16.0
1116,3.8039759773419743,16.0,16.0
1117,0.0,0.0,0.0
1118,0.0,0.0,0.0
1119,12.753417930017571,16.0,16.0
1120,3.8478513568457897,16.0,16.0
1121,8.031562386135134,32.0,32.0
1122,3.47460702133177,16.0,16.0
1123,49.092639727141986,152.0,456.0
1124,4.040243924688079,16.0,16.0
1125,7.150733260160021,48.0,48.0
1126,40.402439246880796,16.0,16.0
1127,81.4782524812096,104.0,312.0
1128,39.62177781251993,88.0,264.0
1129,24.460891197519814,40.0,56.0
1130,5.674128967791995,16.0,48.0
1131,82.04593945265725,288.0,288.0
1132,11.901115059866838,16.0,16.0
1133,5.02622784070005,16.0,16.0
1134,27.401967697882345,112.0,112.0
1135,37.82559117808826,48.0,80.0
1136,38.133718390485384,32.0,96.0
1137,0.0,0.0,0.0
1138,4.88585571762782,16.0,16.0
1139,10.088007220411324,24.0,72.0
1140,9.270236354087768,24.0,40.0
1141,3.9240065572740783,16.0,16.0
1142,81.60215551772221,256.0,704.0
1143,20.913462787580535,88.0,200.0
1144,84.81190513038936,96.0,288.0
1145,9.721835103639561,16.0,16.0
1146,8.908777801879971,32.0,32.0
1147,16.848133835156965,32.0,32.0
1148,8.348436592855085,16.0,16.0
1149,6252.758454874408,4800.0,4800.0
1150,6.395336079673272,16.0,16.0
1151,65.86180217399729,200.0,312.0
1152,4.9817219034903,16.0,48.0
1153,38.28440844521383,48.0,48.0
1154,66.52597480544316,80.0,240.0
1155,4.7408328276221,16.0,48.0
1156,10.040699488084273,32.0,96.0
1157,7.8940524589100205,16.0,16.0
1158,10.686716839150352,16.0,48.0
1159,5.463671638740405,16.0,16.0
1160,20.761728186779106,160.0,160.0
1161,0.0,0.0,0.0
1162,32.69973540719431,320.0,320.0
1163,66.15617260144063,240.0,240.0
1164,23.641572216171802,64.0,64.0
1165,11.318258258757457,16.0,16.0
1166,27.090391029161005,32.0,96.0
1167,166.8397626173067,360.0,1080.0
1168,3.873594958756748,16.0,16.0
1169,127.06525465128986,480.0,1440.0
1170,9.136658552427635,32.0,64.0
1171,14.727002406955876,32.0,32.0
1172,7.1514276841158075,24.0,72.0
1173,31.988081973697422,16.0,16.0
1174,27.64081763235592,32.0,96.0
1175,7.710792196921016,16.0,16.0
1176,0.0,0.0,0.0
1177,4.110889954466399,16.0,16.0
1178,4.8098142056693405,16.0,48.0
1179,18.160393739186564,80.0,80.0
1180,3.4475972262843806,32.0,32.0
1181,3.261832049757814,16.0,16.0
1182,3.652678819341787,16.0,48.0
1183,10.15255837579164,16.0,48.0
1184,3.078281085476632,16.0,16.0
1185,500.22067639848933,800.0,2400.0
1186,9.705508768393612,24.0,72.0
1187,9.800710138718607,16.0,16.0
1188,120.96285899934145,240.0,720.0
1189,13.519903165910705,56.0,72.0
1190,99.78406955303784,320.0,960.0
1191,4.915328322191622,32.0,32.0
1192,7.695702713983574,24.0,40.0
1193,13.364162271535717,48.0,48.0
1194,18.133298650893302,16.0,48.0
1195,13.96445169319138,32.0,96.0
1196,91.90369336165365,536.0,1128.0
1197,37.00122021882099,48.0,144.0
1198,10.861454244231227,16.0,16.0
1199,3.7832390858170797,16.0,16.0
1200,6.908069288686077,32.0,64.0
1201,21.66530914928554,80.0,176.0
1202,118.04404562585435,264.0,792.0
1203,16.332957521585005,32.0,32.0
1204,3.732415816140416,16.0,16.0
1205,23.028072808888066,96.0,96.0
1206,3.3594283373185663,16.0,16.0
1207,8.172391307166729,32.0,32.0
1208,14.161778448244714,16.0,48.0
1209,13.162321038762505,56.0,136.0
1210,7.214548062657322,24.0,72.0
1211,13.937741926580896,48.0,144.0
1212,8.676584003233915,48.0,48.0
1213,77.08990444621323,136.0,408.0
1214,5.772673030934235,16.0,16.0
1215,19.66967706463853,16.0,48.0
1216,8.74657229155914,32.0,96.0
1217,13.32902342787685,96.0,160.0
1218,4.007804144376183,16.0,16.0
1219,7.549780758004754,64.0,64.0
1220,24.44219658202196,32.0,96.0
1221,3.7985344808237946,16.0,16.0
1222,9.905397838344214,32.0,96.0
1223,3.9798326583856003,0.0,0.0
1224,84.54556602867643,448.0,544.0
1225,11.35699235955279,32.0,96.0
1226,14.547170099944204,48.0,112.0
1227,0.0,0.0,0.0
1228,53.92338149064469,80.0,240.0
1229,4.576817211576201,16.0,16.0
1230,13.181632317473742,32.0,96.0
1231,7.086206325167348,32.0,32.0
1232,8.593226144762301,48.0,48.0
1233,21.827879595231327,48.0,48.0
1234,50.13070804759879,128.0,128.0
1235,6.710856255264985,16.0,16.0
1236,9.384573693181501,32.0,96.0
1237,98.82708351485516,256.0,768.0
1238,11.75187929224109,32.0,32.0
1239,4.283961489485734,16.0,16.0
1240,8.169372301897427,32.0,32.0
1241,24.95847510424065,64.0,64.0
1242,4.427668549084574,16.0,16.0
1243,139.15992339203402,176.0,528.0
1244,4.483929678018717,16.0,16.0
1245,0.0,0.0,0.0
1246,11.972886735769634,16.0,16.0
1247,10.216210592914168,24.0,72.0
1248,14.540499867807146,48.0,144.0
1249,0.0,0.0,0.0
1250,21.349855060916394,24.0,72.0
1251,4.057126891976173,16.0,16.0
1252,67.1320610948456,96.0,288.0
1253,18.750315378177024,64.0,192.0
1254,0.0,0.0,0.0
1255,11.78707103571682,16.0,48.0
1256,4.265803624177286,16.0,16.0
1257,4.447079940045808,16.0,16.0
1258,23.410786411174477,56.0,168.0
1259,18.234071811123282,16.0,16.0
1260,7.768105039579154,16.0,48.0
1261,330.4076593509331,1120.0,3360.0
1262,0.0,0.0,0.0
1263,96.31815208951765,280.0,840.0
1264,6252.758454874408,4800.0,4800.0
1265,3.8855614029171344,16.0,16.0
1266,349.6681466492901,400.0,1200.0
1267,0.0,0.0,0.0
1268,6.654162505348032,48.0,48.0
1269,8.252480486965913,32.0,32.0
1270,44.41307383993354,32.0,32.0
1271,0.0,0.0,0.0
1272,6.770091892235486,32.0,32.0
1273,7.428488329213584,16.0,48.0
1274,6.417855756294193,32.0,32.0
1275,17.309706560078208,24.0,72.0
1276,86.57682018526671,128.0,384.0
1277,3.8862044733847756,16.0,48.0
1278,4.986629456658493,16.0,16.0
1279,5.38569273319152,32.0,32.0
1280,4.520032462079199,16.0,16.0
1281,0.0,0.0,0.0
1282,0.0,0.0,0.0
1283,15.199473929726114,16.0,48.0
1284,10.74986632008731,48.0,48.0
1285,37.34888806136922,88.0,136.0
1286,0.0,0.0,0.0
1287,69.11542346873843,48.0,144.0
1288,4.179450685856609,16.0,16.0
1289,3.5015447347296687,16.0,16.0
1290,3.949117709311258,16.0,16.0
1291,68.9093197078045,160.0,160.0
1292,5.004933268950537,16.0,48.0
1293,9.23953263489343,16.0,16.0
1294,0.0,0.0,0.0
1295,212.02884742781706,816.0,2064.0
1296,18.39315160055713,32.0,32.0
1297,131.47549417540955,448.0,1344.0
1298,31.078052352111378,64.0,64.0
1299,70.24369770948948,240.0,720.0
1300,8.212940812472885,16.0,48.0
1301,95.05921410087728,288.0,864.0
1302,8.480984970841217,16.0,48.0
1303,6.585684198301552,32.0,32.0
1304,0.0,0.0,0.0
1305,17.98688811925361,48.0,144.0
1306,12.008029014810555,24.0,72.0
1307,0.0,0.0,0.0
1308,24.657807468767682,48.0,144.0
1309,3.5974273896906057,8.0,24.0
1310,111.83795077843368,240.0,720.0
1311,7.49911587433142,16.0,16.0
1312,7.048697929832936,24.0,72.0
1313,5.430954218304729,16.0,16.0
1314,24.991453898599854,24.0,72.0
1315,0.0,0.0,0.0
1316,0.0,0.0,0.0
1317,2.9820848015554873,16.0,16.0
1318,0.0,0.0,0.0
1319,5.439524834443647,0.0,0.0
1320,0.0,0.0,0.0
1321,43.86390503580143,32.0,32.0
1322,16.868887114973568,16.0,16.0
1323,6.655671043238227,16.0,16.0
1324,14.671965667932751,48.0,144.0
1325,86.13943821468823,160.0,256.0
1326,2.9065429509658895,16.0,16.0
1327,76.90921402425201,512.0,512.0
1328,10.987087546761975,16.0,16.0
1329,16.314163294892733,32.0,32.0
1330,2.8281707472816553,0.0,0.0
1331,21.880242558908364,32.0,64.0
1332,3.1177918954251043,16.0,16.0
1333,83.29623718429778,192.0,384.0
1334,2.8858885176343425,16.0,16.0
1335,3.8478513568457897,0.0,0.0
1336,30.618366503332577,32.0,96.0
1337,50.41239936128067,64.0,64.0
1338,0.0,0.0,0.0
1339,4.155318548761906,16.0,48.0
1340,0.0,0.0,0.0
1341,4.155318548761906,16.0,48.0
1342,0.0,0.0,0.0
1343,0.0,0.0,0.0
1344,3.9914178976496606,16.0,16.0
1345,9.663051932880661,56.0,72.0
1346,31.256654388332397,64.0,64.0
1347,2.0697347052018853,16.0,16.0
1348,5.674506788923183,16.0,16.0
1349,32.929203593897256,32.0,32.0
1350,0.0,0.0,0.0
1351,2.021515156198534,16.0,16.0
1352,6.29556479126987,16.0,16.0
1353,0.0,0.0,0.0
1354,53.856749950715546,272.0,464.0
1355,4.633192972808665,16.0,16.0
1356,5.799091297826763,16.0,16.0
1357,16.048938083690718,48.0,144.0
1358,2.1706295613584397,16.0,16.0
1359,0.0,0.0,0.0
1360,9.637621534262147,16.0,16.0
1361,0.0,0.0,0.0
1362,2.3701049617706715,16.0,16.0
1363,6.435042988671568,16.0,16.0
1364,0.0,0.0,0.0
1365,2.144163748081092,16.0,16.0
1366,2.8165122582014734,16.0,16.0
1367,10.139053419110477,32.0,32.0
1368,10.777569483766559,32.0,96.0
1369,22.975520451726208,80.0,80.0
1370,8.785349358671446,48.0,48.0
1371,13.39473811549826,64.0,64.0
1372,32.583967718087365,48.0,144.0
1373,4.339592212515331,16.0,16.0
1374,11.426620342799616,16.0,48.0
1375,2.212514530186329,16.0,16.0
1376,2.6397277634110683,16.0,16.0
1377,2.3279500708917027,16.0,16.0
1378,2.323595648270683,16.0,16.0
1379,8.837456510241024,24.0,72.0
1380,2.5337252381232838,16.0,16.0
1381,2.5914088919262195,16.0,16.0
1382,75.64296028183603,176.0,528.0
1383,2.5829366747842473,16.0,16.0
1384,7.7125060030411,24.0,72.0
1385,4.83160872587739,16.0,48.0
1386,120.92578910309241,544.0,1632.0
1387,25.081171608037668,56.0,72.0
1388,18.72671805903088,64.0,192.0
1389,12.39757629698176,16.0,16.0
1390,21.79253825218068,104.0,120.0
1391,17.02120590040974,56.0,104.0
1392,14.579895498161518,48.0,144.0
1393,15.852789722632053,16.0,16.0
1394,8.50989633881939,16.0,48.0
1395,6.769106400989654,16.0,48.0
1396,9.988740564102866,40.0,120.0
1397,47.92418449032731,96.0,288.0
1398,49.41697744140915,224.0,224.0
1399,2.7855239664461218,16.0,16.0
1400,0.0,0.0,0.0
1401,12.551456930853966,32.0,96.0
1402,8.771586070179668,32.0,96.0
1403,9.987401512711676,16.0,16.0
1404,9.233854568573065,16.0,48.0
1405,2.7498789220458484,16.0,16.0
1406,10.656997767664421,40.0,120.0
1407,42.13865471771616,320.0,480.0
1408,1.9663427850493989,8.0,24.0
1409,39.16948978525109,32.0,96.0
1410,3.1838559264708017,16.0,16.0
1411,6.5298983378988185,32.0,32.0
1412,0.0,0.0,0.0
1413,7.771862436645357,32.0,32.0
1414,6.19093351476018,16.0,48.0
1415,11.205460708536162,72.0,88.0
1416,3.2734498552627667,16.0,16.0
1417,3.9220488587383158,16.0,48.0
1418,7.097501715282701,24.0,72.0
1419,113.8374986983795,496.0,496.0
1420,0.0,0.0,0.0
1421,3.10465497363567,16.0,16.0
1422,4.066457019086764,16.0,16.0
1423,3.5038994137135426,16.0,16.0
1424,14.200195350186345,48.0,144.0
1425,34.71110648964815,32.0,96.0
1426,11.601616558936488,16.0,16.0
1427,4.518295524348963,16.0,16.0
1428,192.39571884776564,128.0,160.0
1429,41.519821413549394,160.0,416.0
1430,3.73473699170426,8.0,24.0
1431,13.467479748960264,56.0,168.0
1432,9.59076950693813,16.0,48.0
1433,16.73955373939635,16.0,16.0
1434,58.97228545376813,200.0,600.0
1435,0.0,0.0,0.0
1436,33.64650617814128,64.0,192.0
1437,8.177449457871191,64.0,64.0
1438,4.660495668896195,32.0,32.0
1439,6.219480510918099,32.0,32.0
1440,0.0,0.0,0.0
1441,7.155679252798764,32.0,96.0
1442,1.6766508264886586,16.0,16.0
1443,9.619628410035807,16.0,16.0
1444,21.86183099772309,72.0,216.0
1445,2.470441882038024,0.0,0.0
1446,4.211857051676003,16.0,16.0
1447,12.359994848483504,80.0,80.0
1448,5.889805923078015,16.0,16.0
1449,11.95907830954668,24.0,40.0
1450,137.5520859622567,256.0,768.0
1451,3.939128674738298,32.0,32.0
1452,0.0,0.0,0.0
1453,20.01432249023423,32.0,32.0
1454,4.621951972141137,16.0,48.0
1455,3.6720399731348143,16.0,48.0
1456,16.292903361244214,24.0,40.0
1457,2.103310257313133,16.0,16.0
1458,3.1879979934889393,16.0,16.0
1459,0.0,0.0,0.0
1460,3.261538488189053,16.0,16.0
1461,2.0037591538998365,16.0,16.0
1462,12.70701112327681,24.0,40.0
1463,7.617218012513304,32.0,96.0
1464,7.161062827404303,48.0,48.0
1465,0.0,0.0,0.0
1466,3.97695500696613,16.0,48.0
1467,6.102758528102784,16.0,48.0
1468,13.1752746407676,16.0,16.0
1469,57.89237775027117,96.0,288.0
1470,2.768976292553372,16.0,16.0
1471,6.902413183791059,32.0,96.0
1472,4.301074297076396,16.0,16.0
1473,15.983025634573329,72.0,88.0
1474,3.6179641044160764,16.0,16.0
1475,4.153816884227615,32.0,32.0
1476,57.30328461902577,56.0,168.0
1477,3.765389021404182,32.0,32.0
1478,17.839901807717236,16.0,48.0
1479,2.518005893580614,16.0,16.0
1480,2.087546857759375,16.0,16.0
1481,29.398904089239714,96.0,288.0
1482,80.7866336293269,80.0,80.0
1483,29.33136131296283,208.0,272.0
1484,7.597321359887489,64.0,96.0
1485,2.308710814107474,16.0,16.0
1486,4.019641413204461,16.0,16.0
1487,14.70216300624803,16.0,48.0
1488,7.208413120261831,32.0,96.0
1489,6.060365887032119,16.0,16.0
1490,12.927234988403448,16.0,48.0
1491,1.9239326624159991,16.0,16.0
1492,5.719874046194739,16.0,48.0
1493,4.687574376470715,16.0,48.0
1494,35.43318633827014,64.0,96.0
1495,6252.758454874408,4800.0,4800.0
1496,0.0,0.0,0.0
1497,11.913311652826074,40.0,120.0
1498,79.80745093738824,136.0,408.0
1499,4.244600630482632,16.0,16.0
1500,3.1590164187728433,16.0,16.0
1501,7.034911300045578,48.0,48.0
1502,3.568748717158058,16.0,16.0
1503,2.2019748183697794,16.0,16.0
1504,2.9955789110035886,32.0,32.0
1505,0.0,0.0,0.0
1506,3.2115115754459853,16.0,16.0
1507,10.305602268397337,16.0,48.0
1508,18.397558465668723,32.0,32.0
1509,6.109696597235811,16.0,16.0
1510,8.738956991023064,16.0,48.0
1511,0.0,0.0,0.0
1512,2.501824297779766,16.0,16.0
1513,27.36411314412276,160.0,160.0
1514,4.36576956786176,16.0,16.0
1515,20.775987158702605,64.0,192.0
1516,4.110064441942807,32.0,32.0
1517,2.6489931047458732,16.0,16.0
1518,0.0,0.0,0.0
1519,10.501973937254617,96.0,96.0
1520,7.407882539984712,16.0,16.0
1521,0.0,0.0,0.0
1522,6.1862092299799505,24.0,72.0
1523,42.77256774435907,168.0,344.0
1524,8.227582805078747,80.0,80.0
1525,12.910053498619833,32.0,32.0
1526,384.14252413792104,360.0,408.0
1527,3.235641906480048,16.0,16.0
1528,7.025603341185706,24.0,72.0
1529,1.8731199804475889,16.0,16.0
1530,10.207289515634512,56.0,72.0
1531,9.895996465089732,48.0,48.0
1532,35.48521443380676,48.0,80.0
1533,499.3432902659856,320.0,960.0
1534,5.2313923971353375,16.0,16.0
1535,7.991768714505625,56.0,72.0
1536,108.41987350196688,128.0,384.0
1537,57.2164044839161,480.0,480.0
1538,2.104564645686683,8.0,24.0
1539,9.035781008236063,40.0,88.0
1540,5.182637203571409,16.0,16.0
1541,0.0,0.0,0.0
1542,6.240095176059029,8.0,24.0
1543,5.10348928896543,16.0,16.0
1544,5.4153168392323145,32.0,32.0
1545,0.0,0.0,0.0
1546,7.025139025801037,24.0,72.0
1547,37.5172120471575,160.0,480.0
1548,2.9973907289820048,32.0,32.0
1549,11.723561255783174,80.0,112.0
1550,2.4522531714922824,16.0,16.0
1551,6252.758454874408,4800.0,4800.0
1552,20.04492868125555,128.0,128.0
1553,18.88302807266089,88.0,232.0
1554,2.942665264374333,16.0,16.0
1555,67.80938464650858,96.0,96.0
1556,11.897419543671058,16.0,48.0
1557,9.268775066970576,32.0,96.0
1558,6.085734543791762,16.0,16.0
1559,6.038529421042042,24.0,72.0
1560,12.997267235762308,80.0,80.0
1561,14.208721250535925,88.0,136.0
1562,142.48289300854728,1504.0,1920.0
1563,0.0,0.0,0.0
1564,3.8494910574930743,16.0,48.0
1565,3.0802084336065003,32.0,32.0
1566,10.150619787777009,48.0,80.0
1567,9.448860839382933,16.0,48.0
1568,3.4963536646181748,32.0,32.0
1569,11.725156290666982,48.0,144.0
1570,2.5656058439974876,16.0,16.0
1571,3.1068365288197684,16.0,16.0
1572,2.5972996658709078,8.0,24.0
1573,19.181826371278767,64.0,192.0
1574,2.081789327689984,16.0,16.0
1575,10.879042468100907,48.0,48.0
1576,4.400520927499548,16.0,16.0
1577,12.380816298755011,48.0,144.0
1578,18.168340296593364,64.0,64.0
1579,0.0,0.0,0.0
1580,2.023559614748302,16.0,16.0
1581,7.113648259553241,16.0,48.0
1582,23.202543681780114,240.0,240.0
1583,3.2654024265613035,16.0,16.0
1584,0.0,0.0,0.0
1585,7.785754137837193,32.0,96.0
1586,4.524008350094408,16.0,16.0
1587,6.29704432992496,32.0,64.0
1588,0.0,0.0,0.0
1589,6.548343573926545,16.0,48.0
1590,14.148792599085928,48.0,144.0
1591,1.9239256784228949,16.0,16.0
1592,68.39324041200969,128.0,384.0
1593,2.5969598410778945,16.0,16.0
1594,3.7473237942137496,16.0,16.0
1595,12.387785413789377,32.0,96.0
1596,11.077214738253792,48.0,80.0
1597,4.10965417540312,32.0,32.0
1598,82.134416864322,208.0,624.0
1599,3.292408556559945,16.0,16.0
1600,84.76102959522842,320.0,960.0
1601,1.948954236968124,16.0,16.0
1602,5.04841507025183,16.0,48.0
1603,541.4413009231421,2216.0,6648.0
1604,321.32493067675773,1088.0,3264.0
1605,27.178586595290874,96.0,96.0
1606,2.600036563460117,16.0,16.0
1607,24.885837187850466,80.0,80.0
1608,9.517284730103068,32.0,96.0
1609,175.71285760470485,120.0,360.0
1610,6.174475822378025,24.0,40.0
1611,2.5598983830092026,16.0,16.0
1612,1.9239256784228949,16.0,16.0
1613,19.609486979812335,48.0,144.0
1614,68.55646931120079,424.0,760.0
1615,7.982945082241579,32.0,64.0
1616,4.6057278284063115,16.0,16.0
1617,0.0,0.0,0.0
1618,5.033088711192871,16.0,48.0
1619,378.0871570912403,1128.0,3384.0
1620,7.464711200755382,32.0,32.0
1621,0.0,0.0,0.0
1622,7.039822778977544,32.0,32.0
1623,74.26155413861913,96.0,288.0
1624,20.411000100622726,24.0,72.0
1625,2.8690674536334537,16.0,16.0
1626,2.5661289923258392,16.0,16.0
1627,7.860003090174398,16.0,48.0
1628,46.13294560845123,80.0,240.0
1629,3.2820378755875748,24.0,40.0
1630,7.304865021657797,32.0,96.0
1631,13.802697404867796,48.0,144.0
1632,2.007881026807519,16.0,16.0
1633,221.6878020809537,784.0,2352.0
1634,4.386533098886171,16.0,48.0
1635,15.226503019217242,16.0,48.0
1636,9.128969206178152,48.0,48.0
1637,0.0,0.0,0.0
1638,2.229270412973036,16.0,16.0
1639,1.9260598042024828,16.0,16.0
1640,4.701942804120824,16.0,16.0
1641,2.4387680169437034,16.0,16.0
1642,2.5011033819497634,32.0,32.0
1643,9.43906108352074,48.0,112.0
1644,10.846285231247139,48.0,144.0
1645,2.8465053009353074,32.0,32.0
1646,3.1865454552170327,16.0,16.0
1647,2.966562981197668,16.0,16.0
1648,9.308805828293663,40.0,56.0
1649,2.008638871493369,16.0,16.0
1650,2.6946604702874457,16.0,16.0
1651,2.9243670312028,16.0,16.0
1652,5.188061909231076,16.0,48.0
1653,4.3713016226621315,16.0,48.0
1654,7.235645081888364,16.0,16.0
1655,3.6292777082956085,16.0,48.0
1656,4.693037909910373,32.0,32.0
1657,19.638180080897747,120.0,136.0
1658,3.0491815177055295,16.0,16.0
1659,0.0,0.0,0.0
1660,4.198898416709028,16.0,16.0
1661,4.777598675518915,16.0,48.0
1662,2.7393619245411345,16.0,16.0
1663,13.062020889296905,80.0,80.0
1664,5.343419328059629,32.0,64.0
1665,6.011298375903316,48.0,48.0
1666,21.15421390170603,24.0,72.0
1667,19.264449021605234,168.0,184.0
1668,2.2439292620255875,16.0,16.0
1669,15.391405427383159,32.0,32.0
1670,2.5473696940348804,16.0,16.0
1671,0.0,0.0,0.0
1672,2.2916477288973662,16.0,16.0
1673,7.836515272485224,24.0,72.0
1674,512.6879689653424,1600.0,4800.0
1675,7.271706916059135,16.0,16.0
1676,2.927936426179138,16.0,16.0
1677,16.644775355586983,88.0,104.0
1678,3.9132648299121686,16.0,48.0
1679,6.6460404581817265,48.0,80.0
1680,25.48143002662094,32.0,96.0
1681,4.31167005533818,16.0,16.0
1682,0.0,0.0,0.0
1683,0.0,0.0,0.0
1684,2.8474100040658845,16.0,16.0
1685,19.85363651118203,40.0,56.0
1686,48.12232809467616,160.0,480.0
1687,4.670078757820845,16.0,48.0
1688,5.835816724392117,32.0,32.0
1689,2.49960933796241,8.0,24.0
1690,4.47411140291304,32.0,32.0
1691,3.201383839999598,32.0,32.0
1692,4.8050862935861645,40.0,56.0
1693,3.1982515853815117,16.0,16.0
1694,9.389262249727391,48.0,112.0
1695,0.0,0.0,0.0
1696,6.450573965179881,16.0,48.0
1697,0.0,0.0,0.0
1698,5.867064222636209,32.0,32.0
1699,4.684327024785675,16.0,48.0
1700,7.0404590306057235,24.0,72.0
1701,88.84597600583183,296.0,888.0
1702,0.0,0.0,0.0
1703,5.758088672276946,32.0,64.0
1704,80.9611309590262,240.0,720.0
1705,907.1378671834848,816.0,816.0
1706,65.00814238443888,64.0,64.0
1707,9.875448124177154,32.0,96.0
1708,4.650190731135195,16.0,48.0
1709,7.987059439749754,16.0,48.0
1710,0.0,0.0,0.0
1711,2.9557701193098107,16.0,16.0
1712,30.748744609239044,160.0,160.0
1713,5.154399031145233,32.0,32.0
1714,383.5153447368199,608.0,640.0
1715,85.15089518022579,848.0,1168.0
1716,24.67328614017879,80.0,240.0
1717,15.668058097152555,96.0,160.0
1718,4.063286510344073,32.0,32.0
1719,4.629370260583082,16.0,16.0
1720,0.0,0.0,0.0
1721,3.0877070797559227,16.0,16.0
1722,2.1600596585269685,16.0,16.0
1723,40.170531901430216,192.0,480.0
1724,15.52620116293359,48.0,144.0
1725,4.923351762269026,32.0,32.0
1726,8.667712566288873,16.0,48.0
1727,6.586612728788105,16.0,48.0
1728,8.699847697132654,16.0,16.0
1729,7.9644660063313015,32.0,96.0
1730,109.44550081546785,904.0,1048.0
1731,160.02821168694047,416.0,1248.0
1732,19.680277581780366,208.0,208.0
1733,4.202400943348082,0.0,0.0
1734,2.5126047194894667,16.0,16.0
1735,0.0,0.0,0.0
1736,12.243057198387786,48.0,144.0
1737,2.207850019970731,16.0,16.0
1738,2.276138632162213,16.0,16.0
1739,5.002206763899527,32.0,32.0
1740,20.157693242872423,128.0,128.0
1741,28.861262541827774,48.0,144.0
1742,65.59702375925754,280.0,456.0
1743,6.502879372529038,32.0,64.0
1744,570.0106241138318,536.0,1608.0
1745,13.595038734434755,16.0,16.0
1746,57.71911710066174,64.0,192.0
1747,0.0,0.0,0.0
1748,4.703038954711803,32.0,32.0
1749,25.393658023351648,32.0,96.0
1750,5.771700238908868,32.0,64.0
1751,2.3157297926359073,16.0,16.0
1752,25.86096240491794,72.0,216.0
1753,10.1524182566627,72.0,120.0
1754,5.703764174817224,16.0,48.0
1755,4.923207219367559,48.0,48.0
1756,5.242548547427997,24.0,40.0
1757,2.883300721930777,16.0,16.0
1758,7.158553458254651,32.0,96.0
1759,2.8199718630140396,16.0,16.0
1760,0.0,0.0,0.0
1761,2.722764331590626,16.0,16.0
1762,9.162359010188691,16.0,48.0
1763,19.53260188914489,96.0,96.0
1764,2.5078421990140933,16.0,16.0
1765,2.47597909585791,16.0,16.0
1766,24.42015958110331,48.0,144.0
1767,8.417952124403861,48.0,48.0
1768,11.777268860073958,48.0,144.0
1769,4.232636492530369,16.0,16.0
1770,24.48836187333865,128.0,128.0
1771,4.972867363996651,16.0,48.0
1772,2.699685344610838,16.0,16.0
1773,2.5849918221939787,16.0,16.0
1774,8.26604953611032,32.0,64.0
1775,24.71552135408895,80.0,240.0
1776,3.5641562713945016,32.0,32.0
1777,32.93365728171573,88.0,264.0
1778,18.694894496182226,64.0,192.0
1779,5.426285931200307,16.0,48.0
1780,105.68709670463016,664.0,680.0
1781,19.813172442062772,160.0,160.0
1782,8.337582741814133,48.0,80.0
1783,6.982154970790298,56.0,72.0
1784,19.21260252467185,96.0,192.0
1785,2.234260662129543,16.0,16.0
1786,4.789710519367295,16.0,48.0
1787,2.380529781590787,16.0,16.0
1788,2.8335631123403155,8.0,24.0
1789,2.9400100861089213,16.0,16.0
1790,2.4783143275270065,16.0,16.0
1791,0.0,0.0,0.0
1792,5.0846824779015805,32.0,32.0
1793,7.707931387954967,16.0,48.0
1794,7.728200061658809,80.0,80.0
1795,0.0,0.0,0.0
1796,199.1182272289202,736.0,2208.0
1797,199.28145453805948,720.0,2160.0
1798,11.413360010013877,96.0,96.0
1799,3.5207839915138974,16.0,48.0
1800,21.582023471317633,120.0,264.0
1801,0.0,0.0,0.0
1802,2.0449085984467485,16.0,16.0
1803,19.62404191991353,24.0,40.0
1804,0.0,0.0,0.0
1805,11.715585229679462,48.0,48.0
1806,6.307323350894604,48.0,48.0
1807,2.1579859870060862,16.0,16.0
1808,2.1563440372651423,16.0,16.0
1809,21.834918799989993,128.0,224.0
1810,9.169495364456477,16.0,48.0
1811,13.117025601076879,24.0,72.0
1812,13.531337264209801,32.0,32.0
1813,5.771777035268685,24.0,40.0
1814,3.830334187150364,16.0,48.0
1815,4.722221155427604,32.0,32.0
1816,3.90163898942467,16.0,48.0
1817,6.977517153870567,32.0,64.0
1818,4.164479143687163,16.0,48.0
1819,34.92978408236386,32.0,32.0
1820,0.0,0.0,0.0
1821,75.97548613844448,256.0,768.0
1822,2.201151089451199,16.0,16.0
1823,2.417452440199911,16.0,16.0
1824,26.184847095919807,184.0,232.0
1825,4.354220582396141,32.0,32.0
1826,7.231264263960306,48.0,48.0
1827,7.231927121180146,24.0,72.0
1828,2.3941883048117396,16.0,16.0
1829,2.1058494547963846,16.0,16.0
1830,2.171648172024021,16.0,16.0
1831,24.49597067149,80.0,240.0
1832,4.040243924688079,32.0,32.0
1833,0.0,0.0,0.0
1834,2.172298730584727,16.0,16.0
1835,2.234060250675171,16.0,16.0
1836,15.327211857871697,112.0,112.0
1837,7.496408255314844,24.0,72.0
1838,0.0,0.0,0.0
1839,2.262724291020284,16.0,16.0
1840,4.374088866889767,16.0,16.0
1841,3.969434866183832,16.0,48.0
1842,8.703990466940285,64.0,64.0
1843,0.0,0.0,0.0
1844,2.1223535488141043,16.0,16.0
1845,1.9862987557737717,16.0,16.0
1846,6.092000666512897,16.0,16.0
1847,17.074216848648582,32.0,32.0
1848,2.6209041791925323,8.0,24.0
1849,0.0,0.0,0.0
1850,13.1565101491405,32.0,32.0
1851,332.1062028584869,2240.0,2272.0
1852,255.6236890566038,600.0,1800.0
1853,3.8478513568457897,16.0,16.0
1854,41.99442518707953,32.0,32.0
1855,5.999420742577624,56.0,72.0
1856,2.530125169805197,16.0,16.0
1857,9.88036038456706,32.0,64.0
1858,5.24854259863885,48.0,48.0
1859,4.199921502356019,32.0,32.0
1860,16.54556731375075,64.0,192.0
1861,4.809814196057237,16.0,16.0
1862,52.91616685822542,80.0,240.0
1863,36.98860290766168,32.0,32.0
1864,17.371271293771578,16.0,16.0
1865,50.84326659384174,280.0,520.0
1866,2.116749398009719,16.0,16.0
1867,4.729530902938632,40.0,56.0
1868,5.676753252006494,16.0,48.0
1869,8.887887224729383,48.0,48.0
1870,13.476867100889997,64.0,64.0
1871,99.27725940912136,728.0,1160.0
1872,4.204375152916428,16.0,16.0
1873,4.483123680883291,24.0,40.0
1874,12.48800819575081,64.0,128.0
1875,1.9239256784228949,16.0,16.0
1876,42.946039606848586,112.0,336.0
1877,2.0970789894809556,16.0,16.0
1878,18.2772939450175,144.0,208.0
1879,2.0187385505282878,16.0,16.0
1880,2.1163182462651844,16.0,16.0
1881,22.869447399825475,16.0,48.0
1882,4.936491697730949,16.0,48.0
1883,19.586135279733746,32.0,32.0
1884,3.8790344891108255,32.0,32.0
1885,4.535898027642645,40.0,56.0
1886,13.490982974097804,96.0,96.0
1887,12.030118067662427,104.0,120.0
1888,6.913548431829764,40.0,88.0
1889,18.22051417058467,176.0,176.0
1890,2.7061129487874767,16.0,16.0
1891,8.75930933879396,64.0,64.0
1892,0.0,0.0,0.0
1893,23.08710814107474,16.0,16.0
1894,7.8163514266889935,32.0,64.0
1895,2.305720488430884,16.0,16.0
1896,4.054430452257389,16.0,16.0
1897,0.0,0.0,0.0
1898,0.0,0.0,0.0
1899,0.0,0.0,0.0
1900,0.0,0.0,0.0
1901,104.69413787041424,768.0,1120.0
1902,193.3561488552525,168.0,504.0
1903,15.655115280983054,160.0,160.0
1904,1.7916144236292346,16.0,16.0
1905,17.912560376701162,40.0,88.0
1906,1.8725568628090035,16.0,16.0
1907,7.999402797925096,32.0,96.0
1908,2.6556307496899993,16.0,16.0
1909,4.712435642114635,16.0,48.0
1910,10.256240325827259,32.0,96.0
1911,7.2969217888536235,16.0,16.0
1912,2.9520157065431873,16.0,16.0
1913,25.972996658709082,32.0,64.0
1914,3.8346321684730533,16.0,48.0
1915,8.829398162611646,48.0,48.0
1916,2.7905323622420566,16.0,16.0
1917,9.232118281141302,32.0,96.0
1918,0.0,0.0,0.0
1919,4.161944810977727,32.0,32.0
1920,0.0,0.0,0.0
1921,4.69095130114933,16.0,48.0
1922,7.792147814602211,64.0,64.0
1923,2.1975940818240125,16.0,16.0
1924,19.003530853169135,80.0,240.0
1925,8.155609798684443,32.0,96.0
1926,15.37909070895827,16.0,16.0
1927,2.7924338942335627,32.0,32.0
1928,210.14915775386274,320.0,960.0
1929,3.037319722575184,16.0,16.0
1930,2.0970789894809556,16.0,16.0
1931,114.69931150359793,256.0,256.0
1932,2.699906103478181,16.0,16.0
1933,32.70673654623635,64.0,96.0
1934,1.6172845573195171,16.0,16.0
1935,61.950406845217216,56.0,136.0
1936,4.4338456569125055,48.0,48.0
1937,1.6237932725889235,16.0,16.0
1938,2.3427776428953937,16.0,16.0
1939,1.6566724194068732,16.0,16.0
1940,0.0,0.0,0.0
1941,10.089960401544253,40.0,120.0
1942,1.9751730996255374,16.0,16.0
1943,14.281685358370025,48.0,144.0
1944,35.31057200529325,32.0,96.0
1945,1.4544939926598346,16.0,16.0
1946,6.558512176209634,64.0,64.0
1947,6.5332109369294455,16.0,48.0
1948,2.1163182462651844,16.0,16.0
1949,3.3097019043674587,24.0,40.0
1950,4.884885361478889,16.0,48.0
1951,1.7304841994898585,16.0,16.0
1952,81.86059325860815,280.0,840.0
1953,10.861029546656686,72.0,88.0
1954,2.860951402108884,16.0,16.0
1955,2.4890398971382544,16.0,16.0
1956,4.723488443765268,16.0,48.0
1957,8.49546820715702,16.0,16.0
1958,14.429442588171712,16.0,48.0
1959,1.8349126340915891,16.0,16.0
1960,0.0,0.0,0.0
1961,4.157607675935208,8.0,24.0
1962,0.0,0.0,0.0
1963,7.388674999054361,24.0,72.0
1964,12.876175658858603,16.0,48.0
1965,0.0,0.0,0.0
1966,35.24486057458057,288.0,288.0
1967,267.27873315834205,392.0,1176.0
1968,5.329136564701475,24.0,40.0
1969,5.868781679898316,32.0,64.0
1970,1.9426969413408985,16.0,16.0
1971,6878.034300361849,4800.0,4800.0
1972,15.079338586992105,16.0,16.0
1973,0.0,0.0,0.0
1974,0.0,0.0,0.0
1975,0.0,0.0,0.0
1976,1.8744137827692398,16.0,16.0
1977,0.0,0.0,0.0
1978,1.539140542738316,16.0,16.0
1979,11.329802363536743,96.0,96.0
1980,8.729013342198842,24.0,72.0
1981,145.71499022942623,136.0,408.0
1982,32.802926996640224,216.0,328.0
1983,2.1818530392177102,16.0,16.0
1984,0.0,0.0,0.0
1985,2.5728263327836074,16.0,16.0
1986,171.26237000400494,528.0,1584.0
1987,1.5368297925629895,16.0,16.0
1988,3.8478513568457897,16.0,48.0
1989,28.089841226200335,0.0,0.0
1990,5.7816465064674745,32.0,32.0
1991,87.52390738372115,608.0,672.0
1992,1.9700772784618363,16.0,16.0
1993,744.2005845510573,2592.0,6240.0
1994,19.734014287365703,192.0,192.0
1995,0.0,0.0,0.0
1996,76.88007010977888,32.0,32.0
1997,0.0,0.0,0.0
1998,23.12038674321859,16.0,16.0
1999,134.67479748960264,120.0,136.0
2000,1.3487616989681264,16.0,16.0
2001,7.550536309155016,24.0,40.0
2002,6.1838047117500095,32.0,64.0
2003,50.246117033086776,288.0,384.0
2004,0.0,0.0,0.0
2005,380.0346492879771,3840.0,3840.0
2006,12.62077197395602,56.0,104.0
2007,80.8057897270418,56.0,72.0
2008,93.94875306477502,320.0,960.0
2009,7.448608633850867,16.0,48.0
2010,7.907978533203788,96.0,96.0
2011,1.3966914529028176,16.0,16.0
2012,55.53638745221635,224.0,576.0
2013,3.472021736169884,16.0,16.0
2014,40.877310823717146,352.0,352.0
2015,14.015598570842286,48.0,144.0
2016,2.4818641251655342,16.0,16.0
2017,4.6881114357562375,16.0,48.0
2018,7.91790494216401,48.0,48.0
2019,4.681211313864171,16.0,48.0
2020,5.112737971302894,16.0,48.0
2021,3.9711611452274016,16.0,48.0
2022,13.711523116264535,40.0,120.0
2023,11.348644297758536,32.0,96.0
2024,1.6396180967656637,16.0,16.0
2025,53.02589316000315,64.0,192.0
2026,51.778732997445395,160.0,480.0
2027,4.274947207932132,16.0,16.0
2028,1.4249102043951183,16.0,16.0
2029,6.947734419605007,16.0,16.0
2030,15.689176187601701,144.0,144.0
2031,16.961909956802543,16.0,16.0
2032,4.7298134815535136,16.0,48.0
2033,11.821560804661921,32.0,32.0
2034,1.4429442588171713,16.0,16.0
2035,0.0,0.0,0.0
2036,2.410289693833166,16.0,16.0
2037,4.7040385770966395,32.0,32.0
2038,1.377036336851438,16.0,16.0
2039,2.354148684566874,8.0,24.0
2040,1.4016950712965512,16.0,16.0
2041,0.0,0.0,0.0
2042,3.2786077647178296,32.0,32.0
2043,112.70589105949313,384.0,1152.0
2044,9.822721996193037,96.0,96.0
2045,3.7381625462800185,32.0,32.0
2046,4.106884726700531,32.0,32.0
2047,8.54588005397685,40.0,88.0
2048,3.9690943928336204,16.0,48.0
2049,7.676463456907351,32.0,32.0
2050,1.4407165686065817,0.0,0.0
2051,3.6760384305091764,16.0,16.0
2052,14.588145542651397,128.0,160.0
2053,2.1931068091048576,16.0,16.0
2054,190.4686421638666,120.0,360.0
2055,5.314357967588097,16.0,16.0
2056,1.4814227723856292,16.0,16.0
2057,2.8885462078983046,32.0,32.0
2058,10.522975758915715,32.0,32.0
2059,1.3455197337070048,16.0,16.0
2060,5.613851828269592,40.0,56.0
2061,3.129373378276813,32.0,32.0
2062,0.0,0.0,0.0
2063,322.51018901949914,1112.0,3336.0
2064,0.0,0.0,0.0
2065,1.617796302764717,16.0,16.0
2066,4731.006564495453,3280.0,9840.0
2067,4720.699093262126,3248.0,9744.0
2068,0.0,0.0,0.0
2069,2.7407633945618293,16.0,16.0
2070,255.60980405323926,240.0,720.0
2071,5.4981548828755304,48.0,48.0
2072,3.9769548861408333,24.0,40.0
2073,5.859404386619227,16.0,48.0
2074,5.963541795556222,16.0,48.0
2075,0.0,0.0,0.0
2076,1.621931299072278,16.0,16.0
2077,4.356766987479304,48.0,48.0
2078,0.0,0.0,0.0
2079,4.207280859600306,8.0,24.0
2080,5.057198219556228,64.0,64.0
2081,1.7603919957569487,16.0,16.0
2082,6.549218036167755,32.0,64.0
2083,4.30768902140962,24.0,40.0
2084,5.09570955187088,32.0,32.0
2085,92.64667952296807,928.0,928.0
2086,1.6353368266594606,16.0,16.0
2087,2.0201219623440396,16.0,16.0
2088,2.3984335899930067,16.0,16.0
2089,5.302329121905205,64.0,64.0
2090,7.2236728065239735,16.0,48.0
2091,1.598656044854538,16.0,16.0
2092,4.954975379441469,64.0,64.0
2093,3.172773967620283,16.0,16.0
2094,1.928360900448872,16.0,16.0
2095,111.14996929215035,248.0,744.0
2096,101.46882117229477,408.0,1224.0
2097,3.5707481489899724,32.0,32.0
2098,0.0,0.0,0.0
2099,1.5864318960710986,16.0,16.0
2100,4.107463778143656,16.0,16.0
2101,11.198272617201054,56.0,104.0
2102,1.639419856538445,16.0,16.0
2103,3.3810210839120796,16.0,16.0
2104,2.8635351304879006,32.0,32.0
2105,20.964169929970446,40.0,120.0
2106,3.2838551045796884,32.0,32.0
2107,7.129741106753136,40.0,56.0
2108,9.492376198848977,24.0,40.0
2109,0.0,0.0,0.0
2110,90.50164851003565,192.0,224.0
2111,1.4520582795409962,16.0,16.0
2112,15.672346780948272,32.0,96.0
2113,6.61841207186221,24.0,72.0
2114,8.091443384498637,64.0,64.0
2115,84.26893189252853,176.0,240.0
2116,87.76191042775754,80.0,80.0
2117,206.02813300835004,176.0,176.0
2118,3.2928763739005382,32.0,32.0
2119,1.5628996481056232,16.0,16.0
2120,17.618371530087703,16.0,16.0
2121,3.0614468363777085,16.0,16.0
2122,15.391405427383159,16.0,48.0
2123,1.9023956826692072,16.0,16.0
2124,4.820349008002215,32.0,64.0
2125,108.72104008767779,320.0,960.0
2126,1.5902755035421776,16.0,16.0
2127,8.009818983099885,32.0,96.0
2128,1.4812007734600647,16.0,16.0
2129,79.78387031924332,192.0,576.0
2130,1.7309910660137322,16.0,16.0
2131,1.3793171918807248,16.0,16.0
2132,0.0,0.0,0.0
2133,4.03062140518437,48.0,48.0
2134,4.300225181707263,24.0,40.0
2135,11.827075133349842,48.0,144.0
2136,10.549696424734917,16.0,16.0
2137,39.31360630334609,56.0,136.0
2138,5.976441716812535,16.0,48.0
2139,28.318509442436845,96.0,288.0
2140,7.1876529488401735,80.0,80.0
2141,5.2892155738385584,16.0,16.0
2142,2.681671650332383,32.0,32.0
2143,130.5729546343437,408.0,872.0
2144,0.0,0.0,0.0
2145,2.7904048019231062,16.0,16.0
2146,13.96187485723173,80.0,144.0
2147,1.4886250353265793,16.0,16.0
2148,1.4916332156512642,16.0,16.0
2149,37.32895341753134,16.0,16.0
2150,0.0,0.0,0.0
2151,3.5606649800598102,48.0,48.0
2152,15.79815712093329,16.0,48.0
2153,1.7547895686913746,16.0,16.0
2154,1.5944348184308264,16.0,16.0
2155,0.0,0.0,0.0
2156,2.1128461375933347,16.0,16.0
2157,25.04669584082617,48.0,144.0
2158,22.680481982269686,88.0,232.0
2159,5.184831938739074,16.0,16.0
2160,1.5579595375833004,16.0,16.0
2161,6.23488223320646,40.0,56.0
2162,13.346997793313959,40.0,56.0
2163,5.588773819871917,32.0,64.0
2164,2.1864017855337883,16.0,16.0
2165,8.898935873807147,32.0,96.0
2166,1.5750923334422293,16.0,16.0
2167,13.246150260838066,56.0,136.0
2168,9.686848474532413,24.0,72.0
2169,3.4630156271787653,32.0,32.0
2170,3.256856737048097,32.0,32.0
2171,5.966432874701036,48.0,48.0
2172,29.377564231241852,96.0,288.0
2173,1.6277659913668756,16.0,16.0
2174,1.9172598641867964,16.0,16.0
2175,1.6619989394183088,16.0,16.0
2176,451.75038164867647,512.0,1536.0
2177,2.5020993391357167,32.0,32.0
2178,42.66014237475294,384.0,384.0
2179,26.12167754086226,248.0,264.0
2180,52.75164566865327,96.0,288.0
2181,18.046554845301134,48.0,112.0
2182,1.6215123630786885,16.0,16.0
2183,1.8221847080339342,16.0,16.0
2184,1.3921474094399098,0.0,0.0
2185,4.830529477399283,16.0,48.0
2186,3.966448775337413,32.0,32.0
2187,1.6466951066871658,16.0,16.0
2188,200.08827055598104,128.0,256.0
2189,61.23471387674996,376.0,552.0
2190,10.616347990771617,16.0,16.0
2191,1.8577969587517225,16.0,16.0
2192,12.653269801423676,64.0,64.0
2193,7.192366588104921,24.0,72.0
2194,1.6091970127748265,16.0,16.0
2195,5.202838321723098,16.0,16.0
2196,1.6545760834436898,16.0,16.0
2197,7.643306013051941,24.0,72.0
2198,3.1697065422088446,16.0,16.0
2199,14.285658855365165,48.0,144.0
2200,1274.2894458246503,992.0,992.0
2201,4.1336359415524475,8.0,24.0
2202,6.356398613663993,40.0,56.0
2203,3.190910659460979,32.0,32.0
2204,0.0,0.0,0.0
2205,3.613832369595582,16.0,16.0
2206,4.630909266048432,24.0,40.0
2207,19.148655366681503,56.0,168.0
2208,8.295048078829023,16.0,48.0
2209,2.6935185591457382,8.0,24.0
2210,5.899806824848861,0.0,0.0
2211,3.609147140087841,24.0,40.0
2212,2.3659820413101986,16.0,16.0
2213,3.0234657570511185,32.0,32.0
2214,1.6643038739754823,16.0,16.0
2215,3.2842541543479102,32.0,32.0
2216,4.46094257983349,32.0,32.0
2217,1.8269081419805324,16.0,16.0
2218,1.5674494616392471,16.0,16.0
2219,11.28022857287238,48.0,80.0
2220,1.5560710887084375,16.0,16.0
2221,0.0,0.0,0.0
2222,1.5753103454926665,16.0,16.0
2223,5.005915418770025,16.0,48.0
2224,3.5530136277707944,24.0,40.0
2225,1.5167408440487296,16.0,16.0
2226,1.2313124341906527,16.0,16.0
2227,4.171824434271366,24.0,40.0
2228,364.7402867280533,688.0,2064.0
2229,37.18836196556883,472.0,488.0
2230,8.563194046855571,32.0,96.0
2231,11.890835403368168,48.0,112.0
2232,4.8956253648471515,8.0,24.0
2233,1.5515680568300987,16.0,16.0
2234,2.174945368359023,16.0,16.0
2235,5.401215788597284,8.0,24.0
2236,9.422166324281719,40.0,120.0
2237,7.366487890604968,64.0,64.0
2238,1464.8568518990278,1144.0,1896.0
2239,113.82166458758023,304.0,912.0
2240,5.96596850352929,64.0,64.0
2241,21.469718411879615,32.0,96.0
2242,9.045428353432497,16.0,16.0
2243,3.466863699837386,16.0,16.0
2244,3.1711162712375716,32.0,32.0
2245,2.534164018486548,8.0,24.0
2246,3.7732696083514545,16.0,48.0
2247,1.6482273037429096,16.0,16.0
2248,0.0,0.0,0.0
2249,30.577079578117758,304.0,304.0
2250,0.0,0.0,0.0
2251,111.5876893485279,368.0,1072.0
2252,6.681971794338947,32.0,64.0
2253,13.763171517952214,48.0,112.0
2254,6.298095841837997,16.0,16.0
2255,12.229078576695656,88.0,104.0
2256,1.9622518955363395,8.0,24.0
2257,2.443149466266895,8.0,24.0
2258,17.143314440467027,56.0,168.0
2259,2.7231244052397656,8.0,24.0
2260,10.291418869253642,40.0,120.0
2261,130.60500461233352,200.0,600.0
2262,5.783671590556886,48.0,48.0
2263,4.670205406340961,16.0,16.0
2264,13.544404600317508,64.0,192.0
2265,4.992202350371727,16.0,48.0
2266,12.218147264886813,144.0,144.0
2267,4.2292510609429685,16.0,16.0
2268,2.047442419628496,8.0,24.0
2269,24.818641251655343,16.0,16.0
2270,124.285598826119,80.0,80.0
2271,248.571197652238,160.0,160.0
2272,372.85679647835696,240.0,240.0
2273,7.2616203576495515,24.0,72.0
2274,1.9297699791107683,8.0,24.0
2275,0.0,0.0,0.0
2276,4.1585869798815,16.0,48.0
2277,1.5583797995225448,16.0,16.0
2278,9.447512636282998,40.0,120.0
2279,563.1629844910624,1936.0,5808.0
2280,20.810568538787866,16.0,16.0
2281,2.4601237649993557,8.0,24.0
2282,14.555812821448683,144.0,144.0
2283,2.0987146432504797,8.0,24.0
2284,27.28770788751053,80.0,240.0
2285,26.193743040260085,32.0,96.0
2286,2.135557503049413,16.0,16.0
2287,0.0,0.0,0.0
2288,42.891371369860416,48.0,144.0
2289,1.3875307357710178,16.0,16.0
2290,27.902633048264377,64.0,192.0
2291,4.616958172018325,48.0,48.0
2292,13.286936930455322,32.0,96.0
2293,2.4260846687985773,8.0,24.0
2294,0.0,0.0,0.0
2295,1.8199175743948948,16.0,16.0
2296,0.0,0.0,0.0
2297,1.3697474097439355,0.0,0.0
2298,0.0,0.0,0.0
2299,17.41602736188286,16.0,48.0
2300,22.487444180379356,88.0,232.0
2301,16.03191531496617,48.0,144.0
2302,3.2891326250555104,24.0,40.0
2303,3.4993729909131672,16.0,16.0
2304,13.471900916488561,32.0,96.0
2305,18.33005403375481,72.0,216.0
2306,11.686996125162906,40.0,120.0
2307,57.71777035268685,232.0,696.0
2308,78.61416531093204,88.0,264.0
2309,1.2806012745143442,0.0,0.0
2310,549.5262804755015,696.0,1096.0
2311,59.15600407178605,112.0,336.0
2312,4.8025623734256,16.0,48.0
2313,72.80053680899896,88.0,264.0
2314,8.288961445439883,8.0,24.0
2315,1.9624041919913529,0.0,0.0
2316,19.203181191616483,64.0,192.0
2317,4.904974365218213,16.0,48.0
2318,4.6274305362481325,16.0,48.0
2319,1.758674526125943,16.0,16.0
2320,4.353013214117049,8.0,24.0
2321,4.411942674468246,8.0,24.0
2322,4.040243924688079,16.0,48.0
2323,0.0,0.0,0.0
2324,2.8858885176343425,8.0,24.0
2325,2.630850813384357,8.0,24.0
2326,17.59586058997908,48.0,144.0
2327,0.0,0.0,0.0
2328,3.7363013517985033,16.0,48.0
2329,13.920330800672119,48.0,144.0
2330,19.141660160468142,64.0,192.0
2331,150.19470071282515,456.0,1368.0
2332,3.658621466042574,8.0,24.0
2333,42.475665944923534,176.0,528.0
2334,3.145172987768464,8.0,24.0
2335,2.213932490807249,8.0,24.0
2336,6.8947258330966745,24.0,72.0
2337,9.883643710757683,32.0,96.0
2338,9.012641983700187,32.0,96.0
2339,1.8956439709500783,8.0,24.0
2340,7.181005169731064,24.0,72.0
2341,655.360406129736,1304.0,3912.0
2342,2.306883084712972,8.0,24.0
2343,29.74673730652519,64.0,192.0
2344,21.475392988316532,56.0,168.0
2345,21.42739065826004,56.0,168.0
2346,7.695702713691579,32.0,96.0
2347,28.94298769918623,56.0,168.0
2348,2.0057904442746097,8.0,24.0
2349,7.169237335005621,24.0,72.0
2350,5.33217362188208,16.0,48.0
2351,6.1757094986579775,16.0,48.0
2352,7.455834984106086,32.0,96.0
2353,5.595301949934597,16.0,48.0
2354,9.619628392114475,40.0,120.0
2355,9.20231791816464,32.0,96.0
2356,11.770367643453216,40.0,120.0
2357,4.096966072366865,16.0,48.0
2358,2.494249530838555,8.0,24.0
2359,36.003976723717535,48.0,144.0
2360,2.2190328018028813,8.0,24.0
2361,9.196364742861437,8.0,24.0
2362,9.236609199319622,32.0,96.0
2363,7.546291401004477,24.0,72.0
2364,4.702596715732394,16.0,48.0
2365,12.017306198614088,32.0,96.0
2366,9.761316526593003,32.0,96.0
2367,251.75003841386837,160.0,480.0
2368,10.991475001963193,32.0,96.0
2369,32.706736533189215,32.0,96.0
2370,11.913157018742382,40.0,120.0
2371,8.363136195822326,32.0,96.0
2372,6.1817801106515065,32.0,64.0
2373,3.9066464355386716,48.0,48.0
2374,9.32532404999105,32.0,96.0
2375,2.8678803013095946,8.0,24.0
2376,1.3196451498043824,16.0,16.0
2377,13.206669364145815,32.0,32.0
2378,2.3953347789689365,8.0,24.0
2379,2.696365574458819,8.0,24.0
2380,166.14125201424096,152.0,456.0
2381,2.5432956470491015,8.0,24.0
2382,4.88313920207061,48.0,48.0
2383,2.47553796759928,8.0,24.0
2384,65.64528506358438,216.0,648.0
2385,0.0,0.0,0.0
2386,2.8797024367060287,8.0,24.0
2387,5.771777035268685,16.0,48.0
2388,7.8370885937655865,32.0,96.0
2389,17.94394257279665,80.0,240.0
2390,9.619628392114475,8.0,24.0
2391,1.5523526648316899,16.0,16.0
2392,4.622159021072761,16.0,48.0
2393,2.3971686423570717,8.0,24.0
2394,2.3079688570982926,8.0,24.0
2395,6.348630960750599,32.0,64.0
2396,6.234715178990798,16.0,48.0
2397,3.314041925496831,32.0,32.0
2398,12.493358583524738,32.0,96.0
2399,3.9418830305066566,24.0,40.0
2400,4.1564561484810065,16.0,48.0
2401,10.87073179462301,16.0,16.0
2402,2.0778397326967264,8.0,24.0
2403,5.905462100157182,16.0,48.0
2404,2.09451574602896,8.0,24.0
2405,3.6740372352006987,8.0,24.0
2406,7.39821205020665,24.0,72.0
2407,7.138222641284129,24.0,72.0
2408,46.154977025365255,80.0,240.0
2409,2.531668574295748,8.0,24.0
2410,3.790133586493103,8.0,24.0
2411,1.9268577182282225,16.0,16.0
2412,1.5305174014162288,16.0,16.0
2413,3.5476438010372147,8.0,24.0
2414,10.254150294866593,40.0,120.0
2415,3.785284763651012,16.0,48.0
2416,1.9239256784228949,16.0,16.0
2417,2.3317182383832633,8.0,24.0
2418,53.81782121335298,216.0,648.0
2419,7.264012548880469,24.0,72.0
2420,4.159416113846087,16.0,48.0
2421,2.143599435342895,16.0,16.0
2422,38.04725798265043,128.0,384.0
2423,3.096607516483476,8.0,24.0
2424,5.208690974152866,16.0,48.0
2425,6.959109259534884,24.0,72.0
2426,4.18518854535912,16.0,48.0
2427,1.5958203366694164,16.0,16.0
2428,13.137991570572005,16.0,48.0
2429,2.7134775450289403,8.0,24.0
2430,40.97961695040766,104.0,312.0
2431,2.5957830530817,8.0,24.0
2432,5.771777035268685,8.0,24.0
2433,30.879000294695665,128.0,384.0
2434,33.66869937240066,8.0,24.0
2435,1.665547226463,16.0,16.0
2436,1.9140872996811438,16.0,16.0
2437,3.9971970574843017,8.0,24.0
2438,2.458489135384446,8.0,24.0
2439,6.445102904395526,16.0,48.0
2440,2.212514530186329,8.0,24.0
2441,4.505010669237934,8.0,24.0
2442,10.622078448320018,24.0,72.0
2443,48.660697828943235,208.0,624.0
2444,6.807292180825269,32.0,64.0
2445,2.483682698325592,8.0,24.0
2446,12.229597786779353,24.0,72.0
2447,7.378069948479715,32.0,64.0
2448,44.25029060372658,40.0,120.0
2449,2.7004682527679713,8.0,24.0
2450,2.814071331441294,8.0,24.0
2451,5.870828700889167,16.0,48.0
2452,1.3505958262528721,16.0,16.0
2453,8.092872619555973,48.0,48.0
2454,0.0,0.0,0.0
2455,2.4049070980286187,8.0,24.0
2456,2.9311010746183044,16.0,16.0
2457,1.6821336252911478,16.0,16.0
2458,47.05989918273319,376.0,456.0
2459,249.81263549780283,864.0,2592.0
2460,7.238310546828998,40.0,88.0
2461,1.5968583130910028,16.0,16.0
2462,1.971344674618984,8.0,24.0
2463,7.192814116432308,16.0,48.0
2464,2.5514247600795623,8.0,24.0
2465,1.5383259230886346,16.0,16.0
2466,2.378128105605214,8.0,24.0
2467,2.401753657895661,8.0,24.0
2468,3.8478513568457897,8.0,24.0
2469,9.84683548776836,32.0,96.0
2470,2.2894715573232447,8.0,24.0
2471,2.0586004759124976,8.0,24.0
2472,12.476799418306884,40.0,120.0
2473,32.39078218524825,48.0,144.0
2474,0.0,0.0,0.0
2475,0.0,0.0,0.0
2476,4.864261292756605,16.0,48.0
2477,4.806910364656832,16.0,48.0
2478,1.5776190563067738,16.0,16.0
2479,3.8863298704142473,16.0,48.0
2480,5.992957110644648,24.0,72.0
2481,11.592462216030862,112.0,112.0
2482,3.212051715831421,8.0,24.0
2483,0.0,0.0,0.0
2484,4.116396364280066,16.0,48.0
2485,2.0866311505659305,8.0,24.0
2486,1.2835704579305636,16.0,16.0
2487,3.9833688337825417,8.0,24.0
2488,32.68834187977781,104.0,312.0
2489,2.326809968075555,8.0,24.0
2490,0.0,0.0,0.0
2491,3.906986904824392,16.0,48.0
2492,11.80908844201531,40.0,120.0
2493,8.462276009607821,32.0,96.0
2494,1.3659872316802555,16.0,16.0
2495,9.40569274578365,112.0,112.0
2496,9.042450688587605,16.0,16.0
2497,2.613816729802534,8.0,24.0
2498,1.8591995767448974,16.0,16.0
2499,2.4626780726220163,8.0,24.0
2500,13.467479748960264,32.0,96.0
2501,9.647688370264104,32.0,96.0
2502,9.979011359889132,32.0,96.0
2503,2.8241652750097184,8.0,24.0
2504,2.2519678917943233,8.0,24.0
2505,86.57665552903028,80.0,240.0
2506,6.255740378298869,64.0,64.0
2507,16.291647637835716,48.0,144.0
2508,21.914021705873253,56.0,168.0
2509,9.619628392114475,8.0,24.0
2510,0.0,0.0,0.0
2511,18.625789865230495,40.0,120.0
2512,2.462252319104197,8.0,24.0
2513,0.0,0.0,0.0
2514,2.6141224720030376,8.0,24.0
2515,5.781918979740015,16.0,48.0
2516,2.723039752509915,16.0,16.0
2517,1.5933357109744533,16.0,16.0
2518,3.8580079287193128,16.0,48.0
2519,36.440136055799684,128.0,256.0
2520,2.3323296237360296,8.0,24.0
2521,1.8002275189632064,8.0,24.0
2522,2.7295636652371624,32.0,32.0
2523,3.270604620941654,8.0,24.0
2524,1.3429056367937178,16.0,16.0
2525,2.585383983106508,8.0,24.0
2526,75.35185823529586,88.0,136.0
2527,26.675333542758587,48.0,144.0
2528,1.9707093366421982,8.0,24.0
2529,2.455313950803298,8.0,24.0
2530,2.8863669979505664,8.0,24.0
2531,1.9624041919913529,8.0,24.0
2532,1.199118527165572,16.0,16.0
2533,19.837955203663864,40.0,120.0
2534,1.3505440928797459,16.0,16.0
2535,2.4210754274335105,0.0,0.0
2536,28.28783984115571,88.0,232.0
2537,6.23051594554077,32.0,64.0
2538,2.7139785931832447,8.0,24.0
2539,4.232636492530369,16.0,48.0
2540,2.3129642857596173,8.0,24.0
2541,4.617421628214948,16.0,48.0
2542,4.219077426354391,16.0,48.0
2543,7.181350158222775,24.0,72.0
2544,14.689722113298979,160.0,160.0
2545,9.619628392114475,8.0,24.0
2546,0.0,0.0,0.0
2547,20.288894166557228,64.0,192.0
2548,2.4997566339748674,8.0,24.0
2549,2.8858885176343425,16.0,16.0
2550,2.6352140403762325,8.0,24.0
2551,2.397959116324396,8.0,24.0
2552,5.438501089913165,24.0,72.0
2553,1.6864376394263478,16.0,16.0
2554,2.38566784124439,8.0,24.0
2555,2.2868509589174084,16.0,16.0
2556,0.0,0.0,0.0
2557,3.700651803189654,8.0,24.0
2558,0.0,0.0,0.0
2559,4.456046947317366,24.0,40.0
2560,3.297071039921268,8.0,24.0
2561,4.640701099505811,24.0,40.0
2562,62.45022045675638,96.0,288.0
2563,3.8478513568457897,32.0,32.0
2564,19.23925678422895,24.0,72.0
2565,4.663742943559916,16.0,48.0
2566,1277.8987388073597,4840.0,14520.0
2567,2.8747537373917056,8.0,24.0
2568,2.642750157106679,8.0,24.0
2569,5.629142823084301,40.0,56.0
2570,21.58011735838571,64.0,192.0
2571,21.411862492081223,72.0,216.0
2572,5.6814639567860965,16.0,48.0
2573,14.912157746467441,144.0,144.0
2574,2.212514530186329,8.0,24.0
2575,2.212514530186329,8.0,24.0
2576,14.69681971982238,48.0,144.0
2577,14.744113145661505,48.0,144.0
2578,2.5656599414048604,8.0,24.0
2579,2.5011033819497634,8.0,24.0
2580,2.0449358688146004,8.0,24.0
2581,2.0607657359421334,8.0,24.0
2582,19.36292493939577,64.0,192.0
2583,216.3338412650112,704.0,2112.0
2584,4.862992271379117,48.0,48.0
2585,1.7294331062621304,16.0,16.0
2586,4.263845215586254,24.0,40.0
2587,4.2675633978152705,8.0,24.0
2588,2.666020086226623,8.0,24.0
2589,1.6068726540312928,16.0,16.0
2590,2.197507764834592,8.0,24.0
2591,5.142234659375578,16.0,48.0
2592,2.6578716837656544,8.0,24.0
2593,3.8043424662562613,16.0,48.0
2594,114.47289520596738,120.0,360.0
2595,2.6887139565274865,8.0,24.0
2596,2.9516488745005405,8.0,24.0
2597,92.55001944222255,352.0,832.0
2598,29.526736361836154,416.0,416.0
2599,21.771440449255326,80.0,240.0
2600,8.447695794479353,8.0,24.0
2601,2.4433856115970767,16.0,16.0
2602,2.250993043754787,8.0,24.0
2603,5.873839157178877,24.0,72.0
2604,4.049847643221321,16.0,48.0
2605,5.771815544407512,16.0,48.0
2606,0.0,0.0,0.0
2607,2.3699082117049133,8.0,24.0
2608,2.5300468156114793,8.0,24.0
2609,2.402224266047147,8.0,24.0
2610,8.609745586661496,24.0,72.0
2611,13.824867724203049,48.0,144.0
2612,1.9192129829964224,16.0,16.0
2613,1.9239256784228949,8.0,24.0
2614,10.389198663483631,40.0,88.0
2615,6.0802736277618985,8.0,24.0
2616,49.023657599093966,144.0,432.0
2617,2.5060350987703015,8.0,24.0
2618,4.3818248265171045,8.0,24.0
2619,4.036148912749669,16.0,48.0
2620,2.4800133086628917,8.0,24.0
2621,3.2264129531412644,8.0,24.0
2622,4.650377368788441,8.0,24.0
2623,2.400915840822123,8.0,24.0
2624,5.771777035268685,24.0,72.0
2625,3.9184019293003076,16.0,48.0
2626,4.818380918603649,16.0,48.0
2627,2.5541483607651334,8.0,24.0
2628,1.6726978335920937,16.0,16.0
2629,3.616980275435042,16.0,48.0
2630,21.293523790511717,64.0,192.0
2631,2.408001690510829,32.0,32.0
2632,3.719970127355097,24.0,40.0
2633,11.911025055252153,40.0,120.0
2634,2.7848419116994623,16.0,16.0
2635,4.455376593326973,16.0,48.0
2636,1.8487170737587912,8.0,24.0
2637,2.42572299728448,8.0,24.0
2638,3.348669810012706,32.0,32.0
2639,2.092998366101123,8.0,24.0
2640,55.84604406805457,160.0,480.0
2641,2.4397264216139494,8.0,24.0
2642,2.3255991356909935,8.0,24.0
2643,4.617421628214948,8.0,24.0
2644,1.6674576991453967,16.0,16.0
2645,1.3341971014384086,16.0,16.0
2646,1.8452169169557753,8.0,24.0
2647,4.873898409569744,16.0,48.0
2648,2.438653267087239,8.0,24.0
2649,2.778774636105158,8.0,24.0
2650,1.8250983069479716,8.0,24.0
2651,7.695702713691579,24.0,72.0
2652,14.060146683571093,48.0,144.0
2653,4.809814196057237,16.0,48.0
2654,1.6269642181854775,16.0,16.0
2655,1.954766262627521,8.0,24.0
2656,0.0,0.0,0.0
2657,8.387349512337778,8.0,24.0
2658,3.3918957897221227,16.0,48.0
2659,2.5341949036186375,8.0,24.0
2660,2.0435894215988846,8.0,24.0
2661,332.2751712269559,288.0,864.0
2662,14.140245756227845,64.0,128.0
2663,21.11878779287059,16.0,16.0
2664,6.034080656806853,24.0,72.0
2665,2.572286151593911,8.0,24.0
2666,2.9957605427960705,0.0,0.0
2667,2.8624377135713823,8.0,24.0
2668,4.667748545713201,8.0,24.0
2669,12.758945072654246,40.0,120.0
2670,8.459846904272078,48.0,112.0
2671,1.9239256784228949,8.0,24.0
2672,2.7368337696817133,8.0,24.0
2673,2.32276883938036,8.0,24.0
2674,0.0,0.0,0.0
2675,5.997879474859038,24.0,72.0
2676,9.649889894487446,32.0,96.0
2677,11.363473070315374,16.0,48.0
2678,1.6899388448352084,16.0,16.0
2679,4.806515433089014,32.0,64.0
2680,1.8696780264905764,8.0,24.0
2681,7.695702713691579,8.0,24.0
2682,1.9388982122354799,8.0,24.0
2683,8.484512241844966,8.0,24.0
2684,3.9616818240754257,8.0,24.0
2685,4.070718907434298,16.0,48.0
2686,30.917220061888177,136.0,408.0
2687,5.598327583950573,24.0,40.0
2688,8.057295926089754,32.0,96.0
2689,1.325978447295919,16.0,16.0
2690,4.751050698262631,16.0,48.0
2691,11.54355407053737,8.0,24.0
2692,11.3664222735689,8.0,24.0
2693,8.998357879992064,8.0,24.0
2694,3.710352343491521,16.0,48.0
2695,3.569308850570316,16.0,48.0
2696,2.6069595391327565,8.0,24.0
2697,1.82772939450175,8.0,24.0
2698,1.1927692030211288,16.0,16.0
2699,2.519171332420578,8.0,24.0
2700,13.973839565142352,40.0,120.0
2701,4.714587763070585,32.0,32.0
2702,8.441197979562306,8.0,24.0
2703,3.452938758926404,32.0,32.0
2704,1.8109894858873905,8.0,24.0
2705,1.898408543072727,8.0,24.0
2706,14.324717260730393,48.0,144.0
2707,2.418017653971606,8.0,24.0
2708,1.49579801875701,16.0,16.0
2709,7.869779496938487,32.0,96.0
2710,1.1731380733823973,16.0,16.0
2711,1.6765105657868957,16.0,16.0
2712,1.882946061472487,8.0,24.0
2713,2.6917997983315494,8.0,24.0
2714,2.6425204967516986,8.0,24.0
2715,1.327435920143898,16.0,16.0
2716,1.7927609443853543,8.0,24.0
2717,3.078281085476632,8.0,24.0
2718,9.070766209439006,40.0,120.0
2719,1.904686421638666,8.0,24.0
2720,2.5252447494166206,8.0,24.0
2721,6.143971337038193,8.0,24.0
2722,1.9535127300280448,8.0,24.0
2723,1.8450846401174477,8.0,24.0
2724,1.9818295232185166,8.0,24.0
2725,5.163590236166361,16.0,48.0
2726,1.319684597352887,16.0,16.0
2727,2.7393746029918544,8.0,24.0
2728,2.600323745930912,8.0,24.0
2729,1.9335444415959073,8.0,24.0
2730,1.9650028384051987,8.0,24.0
2731,1.1720316666168151,0.0,0.0
2732,5.823863152900348,32.0,64.0
2733,19.041436748744598,80.0,240.0
2734,5.877015769878417,64.0,64.0
2735,5.3817560811066665,24.0,72.0
2736,7.710948888066159,16.0,48.0
2737,1.857518845421371,8.0,24.0
2738,7.965052308670785,32.0,96.0
2739,4.251875749314598,8.0,24.0
2740,41.80287696076812,104.0,312.0
2741,2.342303611448914,8.0,24.0
2742,1.3542378175621268,16.0,16.0
2743,0.0,0.0,0.0
2744,1.8300188660590733,8.0,24.0
2745,3.8653268539947545,16.0,48.0
2746,19.23925678422895,8.0,24.0
2747,61.546431591439294,232.0,632.0
2748,10.389198663483631,40.0,120.0
2749,5.583972252807095,32.0,64.0
2750,1.9754299609820851,8.0,24.0
2751,1.6252068096448822,16.0,16.0
2752,2.5312089709657246,8.0,24.0
2753,7.298890117187864,8.0,24.0
2754,3.020563315123945,8.0,24.0
2755,6.565588770185971,24.0,72.0
2756,0.0,0.0,0.0
2757,4.042708723459866,16.0,48.0
2758,2.5634351951758827,8.0,24.0
2759,0.0,0.0,0.0
2760,2.3110442060082805,8.0,24.0
2761,3.8478513568457897,16.0,48.0
2762,7.310917578007,16.0,16.0
2763,2.123609942392639,8.0,24.0
2764,17.566675150913472,72.0,216.0
2765,0.0,0.0,0.0
2766,23.94823262126152,80.0,240.0
2767,2.415557953662649,8.0,24.0
2768,8.868642761817462,16.0,48.0
2769,5.867973319189829,16.0,48.0
2770,1.9239256784228949,16.0,16.0
2771,1.1907339163037196,16.0,16.0
2772,8.006249329222854,32.0,96.0
2773,1.957361865135915,8.0,24.0
2774,5.4362313377447515,32.0,64.0
2775,1.776197045205193,8.0,24.0
2776,3.6800907857250604,32.0,32.0
2777,0.0,0.0,0.0
2778,1.3389312623954535,16.0,16.0
2779,1.9239256784228949,8.0,24.0
2780,1.9128314789202414,8.0,24.0
2781,4.850471438097043,16.0,48.0
2782,1.8416141945070261,8.0,24.0
2783,1.9853995029045701,8.0,24.0
2784,9.360226127581669,24.0,72.0
2785,3.467375109527281,32.0,32.0
2786,8.804255356760333,48.0,112.0
2787,19.23925678422895,8.0,24.0
2788,0.0,0.0,0.0
2789,3.8453502534638404,16.0,48.0
2790,0.0,0.0,0.0
2791,9.200212594218282,24.0,72.0
2792,2.6496746946146144,8.0,24.0
2793,3.5667507791455906,8.0,24.0
2794,1.46767562434779,16.0,16.0
2795,1.2065149561214599,16.0,16.0
2796,24.06697022110386,0.0,0.0
2797,26.60831588755534,96.0,288.0
2798,3.697166663243397,16.0,48.0
2799,5.842818644454498,24.0,72.0
2800,1.978011461879855,8.0,24.0
2801,1.9624041919913529,8.0,24.0
2802,18.247849106150646,64.0,192.0
2803,2.0016910828340926,8.0,24.0
2804,55.861197217316686,80.0,240.0
2805,2.706982078596626,8.0,24.0
2806,2.040911931122,8.0,24.0
2807,6.972635072717878,24.0,72.0
2808,3.594402269965644,8.0,24.0
2809,2.2660816386717917,16.0,16.0
2810,7.841900650476346,24.0,72.0
2811,2.496529196293059,8.0,24.0
2812,2.326795715484649,8.0,24.0
2813,6.001359943514059,24.0,72.0
2814,9.619628392114475,8.0,24.0
2815,8.040404780036342,32.0,96.0
2816,2.602816505319859,8.0,24.0
2817,4.360058986204428,8.0,24.0
2818,9.846296208164175,16.0,48.0
2819,76.24906454234757,272.0,816.0
2820,2.068489065266604,8.0,24.0
2821,12.216928057985383,32.0,96.0
2822,14.32767239209615,32.0,96.0
2823,19.352690486279144,72.0,216.0
2824,1.5557676911529477,16.0,16.0
2825,1.9940313108963554,8.0,24.0
2826,2.775586391464023,8.0,24.0
2827,3.6283912710263366,8.0,24.0
2828,4.107196538297196,24.0,40.0
2829,4.907998134118419,16.0,48.0
2830,2.308710814107474,8.0,24.0
2831,5.044272906956566,16.0,48.0
2832,1.841107656611452,8.0,24.0
2833,8.873077968444674,16.0,48.0
2834,9.395524639711311,24.0,72.0
2835,2.0393612191282684,8.0,24.0
2836,2.145250683120214,8.0,24.0
2837,1.922578930447999,16.0,16.0
2838,4.748529082711618,16.0,48.0
2839,3.707987209648051,48.0,48.0
2840,2.610381013736209,32.0,32.0
2841,18.73649171612928,72.0,216.0
2842,1.85217576635214,8.0,24.0
2843,2.0049635736896905,8.0,24.0
2844,2.2923395494842183,8.0,24.0
2845,4.258592670423189,16.0,48.0
2846,1.9840347135090173,8.0,24.0
2847,1.9995359575849148,8.0,24.0
2848,2.212514530186329,8.0,24.0
2849,2.212514530186329,8.0,24.0
2850,3.270673653318921,8.0,24.0
2851,5.9641696031109745,16.0,48.0
2852,1.3163499491769446,16.0,16.0
2853,2.557712840249426,8.0,24.0
2854,1.974457066906739,8.0,24.0
2855,1.6188570523635066,16.0,16.0
2856,1.9781490319293797,8.0,24.0
2857,2.573123372782858,8.0,24.0
2858,4.127558887171662,16.0,48.0
2859,1.4775296991557116,16.0,16.0
2860,2.519284398717328,8.0,24.0
2861,2.308710814107474,8.0,24.0
2862,7.214721294085856,24.0,72.0
2863,5.3485133860156475,16.0,48.0
2864,0.0,0.0,0.0
2865,1.9816434487755816,8.0,24.0
2866,10.105935412817942,32.0,96.0
2867,3.9940977813984717,16.0,48.0
2868,2.3421242030367457,8.0,24.0
2869,1.3442468715140767,16.0,16.0
2870,2.4256644777109755,8.0,24.0
2871,79.48396631488365,256.0,768.0
2872,8.118033154496734,24.0,72.0
2873,2.5549741693946153,8.0,24.0
2874,2.1272906252803114,8.0,24.0
2875,6.7072340578805685,16.0,48.0
2876,8.990135107223436,32.0,96.0
2877,11.54355407053737,16.0,48.0
2878,9.615835823747066,8.0,24.0
2879,2.3072486305918725,8.0,24.0
2880,27.129289380040042,104.0,312.0
2881,5.1945993317418155,16.0,48.0
2882,7.761167150394824,24.0,72.0
2883,2.3010151113937822,8.0,24.0
2884,1.9621693325128873,8.0,24.0
2885,7.945813051886556,32.0,96.0
2886,7.945813051886556,32.0,96.0
2887,1.5266061669433908,16.0,16.0
2888,2.0386997451199846,8.0,24.0
2889,19.528573067422656,80.0,240.0
2890,1.4714620319707303,16.0,16.0
2891,5.887212575974058,24.0,72.0
2892,46.2288021364348,256.0,544.0
2893,1.523143186954788,16.0,16.0
2894,2.0031836302477237,8.0,24.0
2895,6.28842049615576,24.0,72.0
2896,2.409638034560677,8.0,24.0
2897,2.1641252667155664,8.0,24.0
2898,2.5011033819497634,8.0,24.0
2899,2.308710814107474,8.0,24.0
2900,2.482885537308209,8.0,24.0
2901,4.343085987447542,32.0,32.0
2902,2.3992699957908394,8.0,24.0
2903,5.80627671585054,16.0,48.0
2904,1.5711474853595293,16.0,16.0
2905,2.3166104529430784,8.0,24.0
2906,1.9239256784228949,16.0,16.0
2907,0.0,0.0,0.0
2908,2.2241587888222525,8.0,24.0
2909,0.0,0.0,0.0
2910,2.293856355243304,8.0,24.0
2911,2.567316001552402,8.0,24.0
2912,4.078722418599204,8.0,24.0
2913,2.422509783407117,8.0,24.0
2914,4.593929275395364,16.0,48.0
2915,1.6444301603031504,16.0,16.0
2916,2.212514530186329,8.0,24.0
2917,2.3827669653457204,8.0,24.0
2918,25.722886320514107,16.0,48.0
2919,3.443826964376982,32.0,32.0
2920,3.480209530993828,8.0,24.0
2921,222.52124396639203,408.0,1224.0
2922,1539.1405427383158,80.0,240.0
2923,4.405031969263699,16.0,16.0
2924,1.4485101886951508,16.0,16.0
2925,307.8281085476632,240.0,720.0
2926,2.1547967598336424,8.0,24.0
2927,6.553028898517069,32.0,32.0
2928,2.4037021667921494,8.0,24.0
2929,8.815188003472354,40.0,88.0
2930,2.212514530186329,8.0,24.0
2931,12.479198391477107,40.0,120.0
2932,2.853692465047345,8.0,24.0
2933,4.461284167862321,16.0,48.0
2934,2.455318678830149,8.0,24.0
2935,12.453011969927868,32.0,96.0
2936,2.2383276153300424,8.0,24.0
2937,2.272252140812338,8.0,24.0
2938,15.872386846988881,56.0,168.0
2939,1.919286131649378,16.0,16.0
2940,23.21771244539123,72.0,216.0
2941,2.374583235754912,8.0,24.0
2942,2.0884213239280527,16.0,16.0
2943,1.9441409523234163,16.0,16.0
2944,3.8478513568457897,8.0,24.0
2945,34.761088798598486,120.0,360.0
2946,1.7315331105806056,16.0,16.0
2947,2.8628014094932674,8.0,24.0
2948,3.9662547306189913,8.0,24.0
2949,2.38566784124439,8.0,24.0
2950,4.937742722330592,16.0,48.0
2951,1.9262493766180373,16.0,16.0
2952,2.482788139357036,8.0,24.0
2953,2.544526384511768,8.0,24.0
2954,3.889545491426963,16.0,16.0
2955,1.9815741874511585,16.0,16.0
2956,1.6525684121360242,16.0,16.0
2957,11.280452929664756,32.0,96.0
2958,2.5311729707823005,8.0,24.0
2959,2.5203426387339927,8.0,24.0
2960,0.0,0.0,0.0
2961,1.717537360762009,16.0,16.0
2962,4.014312136704203,24.0,40.0
2963,310.30220733060565,0.0,0.0
2964,2.5203426387339927,8.0,24.0
2965,2.5608338998576685,8.0,24.0
2966,3.270673653318921,8.0,24.0
2967,2.5011033819497634,8.0,24.0
2968,2.5972996658709078,8.0,24.0
2969,2.5395818955182214,8.0,24.0
2970,4.657242741714007,8.0,24.0
2971,28.1068098439056,24.0,72.0
2972,4.648108242785793,8.0,24.0
2973,1.9220017527444722,16.0,16.0
2974,2.5865393380808737,8.0,24.0
2975,4.21339723574614,8.0,24.0
2976,1.678200362408164,16.0,16.0
2977,3.8478513568457897,8.0,24.0
2978,2.863235721285729,8.0,24.0
2979,2.541821152615338,8.0,24.0
2980,2.4029924877529028,8.0,24.0
2981,2.4626248683813055,8.0,24.0
2982,2.4431531072951573,8.0,24.0
2983,2.4002987188510927,8.0,24.0
2984,3.0459091617268195,8.0,24.0
2985,2.9422980185257015,8.0,24.0
2986,2.7111511578698595,8.0,24.0
2987,2.5011033819497634,8.0,24.0
2988,5.963796938707063,8.0,24.0
2989,1335.5892059611735,2088.0,6264.0
2990,2.587687398269908,8.0,24.0
2991,2.6561271906083936,8.0,24.0
2992,19.12990510550044,64.0,192.0
2993,10.438582910319756,32.0,96.0
2994,2.9609908053841565,8.0,24.0
2995,2.0486519199706743,16.0,16.0
2996,2.6934959497920525,8.0,24.0
2997,2.6934959497920525,8.0,24.0
2998,2.685607995882685,8.0,24.0
2999,9.55036706769125,32.0,96.0
3000,14.333246304250567,40.0,120.0
3001,4.809814196057237,32.0,32.0
3002,6.96959251437577,24.0,72.0
3003,2.8871975566659414,8.0,24.0
3004,14.198571506760963,8.0,24.0
3005,3.3654219907744847,8.0,24.0
3006,4.809814196057237,8.0,24.0
3007,14.616100860321621,48.0,144.0
3008,0.0,0.0,0.0
3009,15.28662004984243,48.0,144.0
3010,14.840420559417872,32.0,96.0
3011,1.6930545970121476,16.0,16.0
3012,2.4049070980286187,8.0,24.0
3013,14.508645708801566,8.0,24.0
3014,2.3423660460001257,8.0,24.0
3015,6.690327838294494,8.0,24.0
3016,2.558401623377724,8.0,24.0
3017,2.891485823578355,8.0,24.0
3018,2.3664285844601607,8.0,24.0
3019,2.8816870214180583,8.0,24.0
3020,1.7831802245449841,16.0,16.0
3021,2.017330538577216,16.0,16.0
3022,0.0,0.0,0.0
3023,2.9470589737339097,8.0,24.0
3024,0.0,0.0,0.0
3025,111.81222753949349,192.0,576.0
3026,2.5429221090804015,8.0,24.0
3027,2.6111504627523567,8.0,24.0
3028,1.6591250133177526,16.0,16.0
3029,0.0,0.0,0.0
3030,10.800669314242935,16.0,48.0
3031,2.635778179439366,8.0,24.0
3032,3.8478513568457897,8.0,24.0
3033,7.280598946927462,24.0,72.0
