,datetime,rpl_price
0,2021-10-02 02:22:15,10661923590478495
1,2021-10-02 02:53:05,10661919509201041
2,2021-10-02 08:17:08,10627946039565891
3,2021-10-02 13:41:55,10561914050390010
4,2021-10-02 19:04:18,10505503107211004
5,2021-10-03 00:21:46,10568906294946281
6,2021-10-03 06:04:48,10774523176083336
7,2021-10-03 11:26:28,10655249165974713
8,2021-10-03 16:42:22,10636723130272798
9,2021-10-03 22:07:53,10779267197833931
10,2021-10-04 03:31:16,10802533927918883
11,2021-10-04 09:07:19,10793655855563874
12,2021-10-04 14:29:35,10067382596212068
13,2021-10-04 19:45:50,9984756343029301
14,2021-10-05 01:04:43,9870840731731031
15,2021-10-05 06:34:55,9389451583489561
16,2021-10-05 11:49:10,9406003428020314
17,2021-10-05 17:16:13,9214416359623628
18,2021-10-05 22:47:45,9276908462399107
19,2021-10-06 04:12:10,9284533854925695
20,2021-10-07 01:38:03,9400991619769708
21,2021-10-07 23:32:54,9976508906125231
22,2021-10-08 21:07:13,10051014780829462
23,2021-10-09 18:54:17,9875133704246686
24,2021-10-10 16:35:56,9712856529944156
25,2021-10-15 05:43:13,8512263377375334
26,2021-10-19 17:52:38,8320065716639727
27,2021-10-24 05:48:06,8395852339256857
28,2021-10-28 17:59:07,8051697439385002
29,2021-11-02 06:38:31,8376380308241722
30,2021-11-06 19:24:28,12135952113484939
31,2021-11-07 17:06:37,12224238267485058
32,2021-11-08 14:36:09,12325698149409146
33,2021-11-09 12:14:57,12183731881996217
34,2021-11-10 10:07:17,11312522979433438
35,2021-11-11 07:36:50,11284047411022392
36,2021-11-12 05:08:18,11284176944860800
37,2021-11-13 02:48:25,11173350958489990
38,2021-11-14 00:45:24,11175522534083870
39,2021-11-14 22:27:48,11063801184354154
40,2021-11-15 22:31:30,11038078869025845
41,2021-11-16 18:29:48,10949908634269902
42,2021-11-17 16:07:06,10951130376051421
43,2021-11-18 13:53:23,10993165072288103
44,2021-11-19 12:00:35,10840484603395470
45,2021-11-20 09:52:35,10855533350374532
46,2021-11-21 08:06:27,11070984166153405
47,2021-11-22 05:49:39,11078045807861273
48,2021-11-23 03:47:50,11064208063005855
49,2021-11-24 01:18:16,11205997088510502
50,2021-11-24 23:13:17,11176874723702037
51,2021-11-25 21:14:03,11236662219128971
52,2021-11-26 19:06:08,11118779135051475
53,2021-11-27 17:09:57,11065184631924701
54,2021-11-28 14:59:31,11000604665520815
55,2021-11-29 13:16:43,11052965193131506
56,2021-11-30 11:53:02,11122638759363412
57,2021-12-01 09:45:50,11009683909512955
58,2021-12-02 07:43:00,10976806041108278
59,2021-12-03 05:53:13,10868303986425567
60,2021-12-04 03:47:32,10899086834839262
61,2021-12-05 02:22:22,11176792864887458
62,2021-12-06 00:27:50,11127227906727214
63,2021-12-06 22:30:32,11073070402186838
64,2021-12-07 20:24:39,11605163269347430
65,2021-12-08 18:42:18,11676838127134099
66,2021-12-09 16:48:31,11611643669651944
67,2021-12-10 14:34:30,11857148553219623
68,2021-12-11 11:54:42,11805061201066184
69,2021-12-12 09:18:34,11817657792278826
70,2021-12-13 06:37:43,11983649308910993
71,2021-12-14 03:44:33,11816501961910257
72,2021-12-15 01:11:02,11645038426554826
73,2021-12-15 22:45:26,11484390896066600
74,2021-12-16 20:10:20,11574140997160780
75,2021-12-17 17:43:28,11527320851365114
76,2021-12-18 14:59:01,11554378269160371
77,2021-12-19 12:19:06,11658240394753656
78,2021-12-20 09:44:20,11674751971411152
79,2021-12-21 06:56:35,11664990334800472
80,2021-12-22 04:23:53,11315958919289758
81,2021-12-23 01:43:15,11247285019397582
82,2021-12-23 23:16:26,11272000883879279
83,2021-12-24 20:37:31,11259904256515985
84,2021-12-25 18:02:28,11306593808347864
85,2021-12-26 15:24:46,11347660604324715
86,2021-12-27 12:43:31,11310523835254471
87,2021-12-28 10:19:16,11237246427856385
88,2021-12-29 07:30:14,11276004536238297
89,2021-12-30 04:47:43,11165646542927943
90,2021-12-31 02:28:58,11053017999917073
91,2022-01-01 00:02:47,11214205619072116
92,2022-01-01 21:22:02,11224302399157830
93,2022-01-02 18:35:08,11393435889191371
94,2022-01-03 16:08:17,11426017462702051
95,2022-01-04 13:25:39,11799086241734220
96,2022-01-05 10:39:12,11808006064265322
97,2022-01-06 08:16:37,11709815240366833
98,2022-01-07 05:48:12,11734993887869610
99,2022-01-08 03:08:26,11726346330096259
100,2022-01-09 00:20:44,11530171886826787
101,2022-01-09 21:33:25,11511644497964511
102,2022-01-10 19:08:29,11377829186599552
103,2022-01-11 16:23:15,11369727466473239
104,2022-01-12 13:54:17,11384943992996213
105,2022-01-13 11:11:24,11395153019903814
106,2022-01-14 08:29:47,11590842522923740
107,2022-01-15 06:02:24,11628736441715441
108,2022-01-16 03:33:08,11756766665894511
109,2022-01-17 00:33:19,11755584871543680
110,2022-01-17 22:01:57,11750693404075941
111,2022-01-18 19:15:41,11812444889694276
112,2022-01-19 16:54:00,11824781648926914
113,2022-01-20 14:14:15,11916449498474562
114,2022-01-21 11:31:55,11828425181355993
115,2022-01-22 08:52:36,11791355998313917
116,2022-01-23 06:04:47,11666653756725026
117,2022-01-24 03:37:15,11713090881800052
118,2022-01-25 00:58:21,11174958480498585
119,2022-01-25 22:27:00,11206888238246905
120,2022-01-26 19:43:24,11140286135898968
121,2022-01-27 17:14:08,11096374377995178
122,2022-01-28 14:38:08,11025312309533571
123,2022-01-29 11:55:24,11057113816629941
124,2022-01-30 09:13:30,11048733958621311
125,2022-01-31 06:27:57,11052829488452626
126,2022-02-01 03:45:47,11040438847682701
127,2022-02-02 01:02:58,11067967478205905
128,2022-02-02 22:26:08,11100379173738829
129,2022-02-03 20:04:09,11174050711342303
130,2022-02-04 17:20:48,11307672835239136
131,2022-02-05 14:36:44,11285479061918557
132,2022-02-06 11:52:24,11337116830748805
133,2022-02-07 09:20:29,11382533872663017
134,2022-02-08 06:39:07,11389214129220195
135,2022-02-09 04:05:57,11395757136198991
136,2022-02-10 01:22:47,11301833184226438
137,2022-02-10 22:54:32,11304964822441480
138,2022-02-11 20:22:46,11305535723429826
139,2022-02-12 17:36:40,11337887254318089
140,2022-02-13 14:53:02,11373579828328332
141,2022-02-14 12:06:30,11248739618754623
142,2022-02-15 09:39:33,11276128898922354
143,2022-02-16 06:59:24,11099938251271035
144,2022-02-17 04:24:58,11072649067210184
145,2022-02-18 01:44:53,11018397837164562
146,2022-02-18 23:20:42,10980200944394271
147,2022-02-19 20:58:45,10943126948220707
148,2022-02-20 18:23:51,10858674548019232
149,2022-02-21 15:32:50,10107772922261010
150,2022-02-22 13:03:18,9809431824772105
151,2022-02-23 10:23:07,9976355636894143
152,2022-02-24 07:50:33,9732737090600636
153,2022-02-25 05:02:04,9322218992470239
154,2022-02-26 02:36:04,9765186341861949
155,2022-02-26 23:56:05,10407128551528049
156,2022-02-27 21:07:38,10370160766572567
157,2022-02-28 18:49:25,10451727895563509
158,2022-03-01 16:05:44,10170842985872497
159,2022-03-02 13:23:06,10170579091102467
160,2022-03-03 10:59:52,10101496483695640
161,2022-03-04 08:33:49,10211931131382855
162,2022-03-05 05:58:06,10166163792339870
163,2022-03-06 03:21:27,10434080076176820
164,2022-03-07 01:02:56,10311418293151514
165,2022-03-07 22:33:02,10017397195042246
166,2022-03-08 20:01:32,10187552493102524
167,2022-03-09 17:33:19,10348391249320758
168,2022-03-10 14:44:52,10284847063634146
169,2022-03-11 12:14:10,10381366169875295
170,2022-03-12 09:48:09,10692640999077903
171,2022-03-13 07:26:36,10804695376290616
172,2022-03-14 05:03:17,10846509667018720
173,2022-03-15 02:27:03,10843021560691439
174,2022-03-16 00:03:21,10864453358837986
175,2022-03-16 21:32:44,10976817161961524
176,2022-03-17 19:07:03,10520888330367197
177,2022-03-18 16:44:14,10786996523105715
178,2022-03-19 14:12:25,10785571689901345
179,2022-03-20 11:44:00,10875807073610262
180,2022-03-21 09:11:34,10949680688572515
181,2022-03-22 06:46:27,10974916680820793
182,2022-03-23 04:08:01,10964200629341781
183,2022-03-24 01:39:18,10993997677686331
184,2022-03-24 23:15:00,10994305714867321
185,2022-03-25 20:42:52,10987209050589342
186,2022-03-26 18:12:49,10977094809153596
187,2022-03-27 15:40:43,10972241291456559
188,2022-03-28 13:22:58,10998418653575295
189,2022-03-29 10:51:59,10972285861276952
190,2022-03-30 08:09:40,10966848713979179
191,2022-03-31 05:57:34,10949804797184575
192,2022-04-01 03:21:50,10852149063648923
193,2022-04-02 00:50:56,10888928345436603
194,2022-04-02 22:37:46,10888535728645146
195,2022-04-03 20:14:20,10839492607483140
196,2022-04-04 17:52:43,10807934512756854
197,2022-04-05 15:30:03,10797716466846597
198,2022-04-06 13:00:45,10791655455688394
199,2022-04-07 10:42:43,10793518597372569
200,2022-04-08 08:21:57,10790358358682460
201,2022-04-09 05:57:55,10793015777845431
202,2022-04-10 03:19:32,10809234063846093
203,2022-04-11 01:01:20,10823215799110151
204,2022-04-11 22:34:39,10306612058076723
205,2022-04-12 20:04:32,10786198251328700
206,2022-04-13 17:55:24,10834060667177312
207,2022-04-14 15:25:49,10795908408606552
208,2022-04-15 13:05:39,11078648578856351
209,2022-04-16 10:43:42,11066479601024351
210,2022-04-17 08:01:33,11038465567332164
211,2022-04-18 05:47:52,11026525974178939
212,2022-04-19 03:17:42,11013924791111994
213,2022-04-20 05:37:34,11031919544309896
214,2022-04-20 22:30:26,11050040376737156
215,2022-04-21 20:29:11,11002458531036123
216,2022-04-22 18:09:05,10993005444133266
217,2022-04-23 15:45:14,11012310266657012
218,2022-04-24 13:21:40,11031653297858447
219,2022-04-25 11:14:33,11017266366898994
220,2022-04-26 08:56:14,11035822345718237
221,2022-04-27 06:50:11,10948975732379343
222,2022-04-28 04:26:19,10990234454976296
223,2022-04-29 02:14:37,11001637309577612
224,2022-04-29 23:57:08,10973090576084416
225,2022-04-30 21:35:45,10958487950644070
226,2022-05-01 19:21:19,10990888452451317
227,2022-05-02 17:03:45,10975745190544218
228,2022-05-03 15:01:11,10989918759649386
229,2022-05-04 12:55:47,10988341465928870
230,2022-05-05 10:49:53,10933488530099352
231,2022-05-06 08:51:43,10905828852318642
232,2022-05-07 07:00:37,10987361398439694
233,2022-05-08 04:56:32,10961414420047731
234,2022-05-09 02:43:34,10971412677837226
235,2022-05-10 00:59:29,10882663814290693
236,2022-05-10 23:18:08,10873128308885223
237,2022-05-11 21:04:30,10804597596044029
238,2022-05-12 19:26:38,9422305746577300
239,2022-05-13 17:17:54,8998442397377407
240,2022-05-14 15:39:44,9476741290904373
241,2022-05-15 13:22:14,9866460880611730
242,2022-05-16 11:24:42,9839583020169094
243,2022-05-17 11:47:09,10056863230124267
244,2022-05-18 07:18:00,10184121821239667
245,2022-05-19 05:34:12,9848501943787023
246,2022-05-20 04:11:16,9860789816822538
247,2022-05-21 02:38:55,9943001520639620
248,2022-05-22 01:07:37,10024115877429626
249,2022-05-22 23:36:22,9923696134398055
250,2022-05-23 21:54:25,9814264554033491
251,2022-05-24 20:31:55,9761472442059100
252,2022-05-25 18:58:55,9930627897434614
253,2022-05-26 17:34:53,9712679704902201
254,2022-05-27 16:08:19,9211077393972584
255,2022-05-28 14:35:19,9100994685893568
256,2022-05-29 13:04:04,9388337440797523
257,2022-05-30 11:39:24,9104312469744027
258,2022-05-31 10:05:46,9362824352294865
259,2022-06-01 08:39:21,9418535087561536
260,2022-06-02 07:15:21,9418535254257802
261,2022-06-03 05:40:39,9674822580477619
262,2022-06-04 04:00:19,9190701706225272
263,2022-06-05 03:41:23,9271284745198343
264,2022-06-06 03:09:21,8680193891580932
265,2022-06-07 02:47:28,8880066699792267
266,2022-06-08 02:06:34,8692812499310245
267,2022-06-09 01:34:43,8987225520766056
268,2022-06-10 01:15:34,8829300294128588
269,2022-06-11 00:49:42,8544992248316009
270,2022-06-12 00:20:37,8324356578442925
271,2022-06-13 00:03:11,7862939833314430
272,2022-06-13 23:45:00,7926232535870105
273,2022-06-14 23:46:53,7625408188868077
274,2022-06-15 23:51:12,7983888453627079
275,2022-06-16 23:34:21,8279481393584860
276,2022-06-17 23:10:11,8190555528483410
277,2022-06-18 22:55:31,7988813430544622
278,2022-06-19 23:01:53,7948757783089906
279,2022-06-20 22:44:40,8346076701460320
280,2022-06-21 23:49:06,8614097612364656
281,2022-06-23 01:40:48,8731592820373554
282,2022-06-24 03:37:36,8621668906852823
283,2022-06-25 05:16:49,8999200802650392
284,2022-06-26 07:21:44,9369241576357364
285,2022-06-27 09:15:55,9365074824592148
286,2022-06-28 11:12:58,9157323334016039
287,2022-06-29 13:01:53,9195344363985474
288,2022-06-30 14:48:16,9374347324841866
289,2022-07-01 12:38:57,9870609857626047
290,2022-07-02 09:56:18,9994621217893596
291,2022-07-03 07:24:29,10177979768520955
292,2022-07-04 04:40:50,10124687460421380
293,2022-07-05 02:02:38,10011675472469703
294,2022-07-05 23:23:40,9836507614835503
295,2022-07-06 20:48:37,9833545288543957
296,2022-07-07 18:14:26,9700043017393646
297,2022-07-08 15:31:12,9716017385814158
298,2022-07-09 13:01:34,9721046500209904
299,2022-07-10 09:57:21,10082822120770174
300,2022-07-11 07:33:08,9947702418352037
301,2022-07-12 04:42:51,10096067136837848
302,2022-07-13 02:04:53,10154598964100421
303,2022-07-13 23:45:49,10439957198966726
304,2022-07-14 20:45:39,10345034477293696
305,2022-07-15 18:01:10,10453132440811439
306,2022-07-16 15:38:59,10543023578842061
307,2022-07-17 13:08:20,11210995996454371
308,2022-07-18 10:39:24,11631145844574975
309,2022-07-19 08:01:51,11586554942360519
310,2022-07-20 05:25:03,11605310305722722
311,2022-07-21 02:52:38,11574986200577329
312,2022-07-22 00:13:51,11574359527269515
313,2022-07-22 21:29:36,11558307395724547
314,2022-07-23 19:07:31,11518690027477409
315,2022-07-24 16:40:49,11562607903063684
316,2022-07-25 14:21:10,11708443004436402
317,2022-07-26 11:53:51,11775104613071820
318,2022-07-27 09:25:11,11874345701055340
319,2022-07-28 06:47:08,12051605079882398
320,2022-07-29 04:21:30,12213988322669441
321,2022-07-30 01:50:51,12301473896388359
322,2022-07-30 23:20:29,12433162560662320
323,2022-07-31 20:51:47,13032758438142729
324,2022-08-01 18:22:58,15189326530491767
325,2022-08-02 15:56:40,15144199243655760
326,2022-08-03 13:36:14,16481357159878265
327,2022-08-04 11:11:18,16690407378653143
328,2022-08-05 08:45:07,16547014403008752
329,2022-08-06 06:09:11,17194265179321297
330,2022-08-07 03:46:53,16821117883870855
331,2022-08-08 01:00:13,17091871365085229
332,2022-08-08 22:41:27,16994825879532629
333,2022-08-09 20:23:10,16179945032152478
334,2022-08-10 18:07:54,15705629485351090
335,2022-08-11 15:57:17,15436537084676567
336,2022-08-12 13:57:18,15204272362642007
337,2022-08-13 11:25:59,14913954591313598
338,2022-08-14 09:19:11,14573913753834411
339,2022-08-15 07:16:28,14213651418631270
340,2022-08-16 05:10:59,13398105502965815
341,2022-08-17 02:58:06,14275166726823852
342,2022-08-18 00:47:58,14875295087173422
343,2022-08-18 22:41:32,14754197098356400
344,2022-08-19 20:41:35,14251851539075643
345,2022-08-20 18:39:45,13836309211176932
346,2022-08-21 16:31:31,14633859731602472
347,2022-08-22 14:26:24,14966003537717353
348,2022-08-23 12:14:41,14921339911093911
349,2022-08-24 10:01:39,14830250723327140
350,2022-08-25 08:15:16,15357603773521485
351,2022-08-26 06:27:09,15263677736435958
352,2022-08-27 04:34:28,14927810421280882
353,2022-08-28 02:45:51,14986629687326085
354,2022-08-29 00:54:10,14434818672094250
355,2022-08-29 22:52:24,14935376094945756
356,2022-08-30 21:01:00,15234758635068793
357,2022-08-31 19:04:40,15238076825242979
358,2022-09-01 17:14:45,15135186976521997
359,2022-09-02 15:08:15,15139203484290093
360,2022-09-03 13:21:54,15260601345619932
361,2022-09-04 11:30:01,15419439880295941
362,2022-09-05 09:51:33,15337214100374703
363,2022-09-06 08:06:31,15655777072492738
364,2022-09-07 06:00:19,15786181896521635
365,2022-09-08 04:04:46,15781400035988767
366,2022-09-09 02:18:33,18284251388559575
367,2022-09-10 01:06:41,19297865935963584
368,2022-09-11 00:00:55,19672969601021853
369,2022-09-11 22:58:06,19602750021689019
370,2022-09-12 21:41:31,18666937758343779
371,2022-09-13 20:39:20,18295344712048213
372,2022-09-14 19:47:32,18883715743676191
373,2022-09-15 17:13:47,17085746686219832
374,2022-09-16 12:45:11,17956577937836201
375,2022-09-17 08:09:59,17844614861638956
376,2022-09-18 03:35:11,18254687073506739
377,2022-09-18 22:56:47,18498913677425561
378,2022-09-19 18:21:35,18708312050542433
379,2022-09-20 13:42:47,18906786713015528
380,2022-09-21 09:18:11,18605990839818239
381,2022-09-22 04:45:11,18594038908534884
382,2022-09-23 00:13:11,18258902634387890
383,2022-09-23 19:30:59,18534826961962743
384,2022-09-24 14:44:11,18270634332965055
385,2022-09-25 10:04:23,18319892042954892
386,2022-09-26 05:22:11,18264725074381187
387,2022-09-27 00:39:35,18109092829311046
388,2022-09-27 20:03:47,18404315948352531
389,2022-09-28 15:22:23,18283031891409096
390,2022-09-29 10:41:23,18534588104633059
391,2022-09-30 05:59:23,18463511770464585
392,2022-10-01 01:17:47,18516997219234191
393,2022-10-01 20:41:35,18593970145234502
394,2022-10-02 16:01:23,18595220278552674
395,2022-10-03 11:19:35,18335193807145190
396,2022-10-04 06:38:11,18296022606155262
397,2022-10-05 02:03:59,18434219539703793
398,2022-10-05 21:22:35,18607017972247918
399,2022-10-06 16:39:23,18449762999325956
400,2022-10-07 11:59:23,18528502082594982
401,2022-10-08 07:17:35,18619793258137316
402,2022-10-09 02:34:47,18787144172390582
403,2022-10-09 21:52:35,18716174956891160
404,2022-10-10 17:10:59,18804177346412735
405,2022-10-11 12:30:47,17022280549586033
406,2022-10-12 07:50:11,16908046170990805
407,2022-10-13 03:05:11,16933756164721256
408,2022-10-13 22:24:23,16688495047777377
409,2022-10-14 17:44:35,17104747145869695
410,2022-10-15 13:01:23,17106653762502401
411,2022-10-16 08:19:35,17306599274506063
412,2022-10-17 03:39:23,17267246447373554
413,2022-10-17 22:56:23,17194426824513670
414,2022-10-18 18:15:23,17017020762845917
415,2022-10-19 13:34:23,16965705150919779
416,2022-10-20 08:52:35,16843622225585990
417,2022-10-21 04:03:47,16390607764871601
418,2022-10-21 23:21:35,16365176267498807
419,2022-10-22 18:39:47,16653554812629860
420,2022-10-23 14:00:35,16727589127058911
421,2022-10-24 09:17:35,16535285720064074
422,2022-10-25 04:41:47,16041829900601519
423,2022-10-26 00:05:59,16226780764353423
424,2022-10-26 19:19:35,16354307756834374
425,2022-10-27 14:38:47,16253911326925334
426,2022-10-28 10:03:11,15856104488601914
427,2022-10-29 05:22:11,15368222747798683
428,2022-10-30 00:38:11,15198416737500765
429,2022-10-30 19:57:59,15461814376522039
430,2022-10-31 15:14:47,14775871485694682
431,2022-11-01 10:36:11,13634704354465669
432,2022-11-02 05:52:35,14248675387092650
433,2022-11-03 01:16:35,14238761783508481
434,2022-11-03 20:36:47,13649393632950707
435,2022-11-04 15:53:11,13160995068978086
436,2022-11-05 11:13:59,12630424638118235
437,2022-11-06 06:32:59,12693478810268311
438,2022-11-07 01:44:47,13217472079752929
439,2022-11-07 21:01:11,13237744063232723
440,2022-11-08 16:20:11,13360589751142501
441,2022-11-09 11:38:47,13018335949820675
442,2022-11-10 06:56:11,12297163742808009
443,2022-11-11 02:15:59,12215851461479699
444,2022-11-11 21:39:47,11786513468901501
445,2022-11-12 16:57:59,11908225933151615
446,2022-11-13 12:10:47,12628672352678618
447,2022-11-14 07:28:11,13127508080557872
448,2022-11-15 02:46:11,13025215096836851
449,2022-11-15 22:05:23,13511639285970873
450,2022-11-16 17:22:59,13165273454989024
451,2022-11-17 12:43:11,13297586665639356
452,2022-11-18 08:06:23,13360853717857481
453,2022-11-19 03:19:59,13587756885219312
454,2022-11-19 22:38:35,13646315808355272
455,2022-11-20 17:54:59,13704384538687731
456,2022-11-21 13:15:23,13460326754896308
457,2022-11-22 08:32:11,13812120943074911
458,2022-11-23 03:58:11,13990939669080209
459,2022-11-23 23:15:59,14131388657992122
460,2022-11-24 18:35:35,13864397592632408
461,2022-11-25 13:52:47,13942528827465846
462,2022-11-26 09:11:35,14193509188082282
463,2022-11-27 04:30:47,14106946257437703
464,2022-11-27 23:49:47,14094684689738576
465,2022-11-28 19:06:23,14129400720502170
466,2022-11-29 14:25:11,14307429038412585
467,2022-11-30 09:42:23,14834327851881579
468,2022-12-01 05:01:11,14859459932641880
469,2022-12-02 00:19:35,15155390149186604
470,2022-12-02 19:37:47,15884252951991654
471,2022-12-03 14:56:35,16007716052265590
472,2022-12-04 10:14:23,15941403554806224
473,2022-12-05 05:32:23,15956654545935169
474,2022-12-06 00:58:23,15905373869240568
475,2022-12-06 20:10:35,15941869832056183
476,2022-12-07 15:48:11,15957399782729206
477,2022-12-08 11:07:35,15970644782967455
478,2022-12-09 06:25:23,15803245587188123
479,2022-12-10 01:43:11,15712389058938708
480,2022-12-10 21:01:23,15710719449912273
481,2022-12-11 16:20:47,15926122509017830
482,2022-12-12 11:40:11,15972572643200641
483,2022-12-13 06:56:23,15922794573739937
484,2022-12-14 02:22:35,15966988132165284
485,2022-12-14 21:39:11,15961810616741688
486,2022-12-15 16:58:35,16071557069967095
487,2022-12-16 12:18:23,16079540697089274
488,2022-12-17 07:36:59,16072923032250812
489,2022-12-18 02:52:35,16050267530866408
490,2022-12-18 22:04:11,16156066946167252
491,2022-12-19 17:23:47,15761264584009509
492,2022-12-20 12:43:23,15808308853992379
493,2022-12-21 08:01:59,15997121617782459
494,2022-12-22 03:18:47,15937200009608805
495,2022-12-22 22:37:23,15964881343802575
496,2022-12-23 17:50:23,16114044736485074
497,2022-12-24 13:08:23,16108485017265989
498,2022-12-25 08:26:11,16154763387817989
499,2022-12-26 03:38:59,16233621606139805
500,2022-12-26 22:55:23,16222258740553754
501,2022-12-27 18:21:11,16251218811390857
502,2022-12-28 13:32:23,16143033973794954
503,2022-12-29 08:52:23,16165410281363166
504,2022-12-30 04:08:23,16242025778711832
505,2022-12-30 23:28:11,16403112202128650
506,2022-12-31 18:46:59,16418061809787590
507,2023-01-01 14:05:47,16519591801863100
508,2023-01-02 09:18:11,17592560671031146
509,2023-01-03 04:35:23,17493642337751627
510,2023-01-03 23:54:23,17307839906884704
511,2023-01-04 19:13:23,18084438136206240
512,2023-01-05 14:30:11,17941818989084614
513,2023-01-06 09:50:23,17496020337765250
514,2023-01-07 05:07:47,17787814742886456
515,2023-01-08 00:26:11,18085579579160549
516,2023-01-08 19:45:47,18230962100513724
517,2023-01-09 14:56:23,19826066899999100
518,2023-01-10 10:14:59,19033639266169499
519,2023-01-11 05:33:59,19191302156100697
520,2023-01-12 00:51:47,19270262886730688
521,2023-01-12 20:10:23,19448083220388696
522,2023-01-13 15:35:59,19337548488064412
523,2023-01-14 10:46:47,19806994395135695
524,2023-01-15 06:05:59,20352084185206910
525,2023-01-16 01:23:23,20545943871985883
526,2023-01-16 20:48:11,20318708509944495
527,2023-01-17 16:01:35,20271756493138228
528,2023-01-18 11:20:59,22358701734037808
529,2023-01-19 06:38:47,22098780977985889
530,2023-01-20 01:56:23,21288651379764812
531,2023-01-20 21:16:23,22894346263693920
532,2023-01-21 16:33:59,22033078951589346
533,2023-01-22 11:50:35,22036612087369815
534,2023-01-23 07:09:35,21393555200763522
535,2023-01-24 02:21:23,23070281916365218
536,2023-01-24 21:40:35,24958212734110085
537,2023-01-25 16:57:47,24008334601781960
538,2023-01-26 12:15:23,24448888334591583
539,2023-01-27 07:34:35,24239595914548095
540,2023-01-28 02:54:35,24665971199043235
541,2023-01-28 22:13:47,24378841282164668
542,2023-01-29 17:30:11,24752559329157434
543,2023-01-30 12:48:47,23936490158899748
544,2023-01-31 08:07:59,24128379281630578
545,2023-02-01 03:26:11,23848451389715667
546,2023-02-01 22:44:11,24241652595399379
547,2023-02-02 18:02:23,25410462978858281
548,2023-02-03 13:27:11,25213033398615167
549,2023-02-04 08:45:47,24356460385283098
550,2023-02-05 04:03:23,24227335157110974
551,2023-02-05 23:22:23,23790643534340648
552,2023-02-06 18:33:59,25352434075109143
553,2023-02-07 13:59:11,25786128101358282
554,2023-02-08 09:17:47,24856655590956618
555,2023-02-09 04:42:47,28247307578870954
556,2023-02-10 00:02:35,31499661106294551
557,2023-02-10 19:18:23,31491155538690337
558,2023-02-11 14:38:11,30425456976470983
559,2023-02-12 09:56:47,29408831978497781
560,2023-02-13 05:14:23,29113521610611081
561,2023-02-14 00:31:59,27735807650853617
562,2023-02-14 19:51:11,27801208147166843
563,2023-02-15 15:10:23,28266024350870894
564,2023-02-16 10:28:23,27612230366499870
565,2023-02-17 05:52:35,29114020045676308
566,2023-02-18 01:17:23,30642312004690849
567,2023-02-18 20:49:11,31458632183263905
568,2023-02-19 16:11:59,31611767227177099
569,2023-02-20 11:40:11,30125646276747365
570,2023-02-21 07:03:59,28691362938669634
571,2023-02-22 02:28:23,28244176392306958
572,2023-02-22 21:58:35,30043184125725992
573,2023-02-23 17:24:11,30377482352687497
574,2023-02-24 12:49:23,29331836588896544
575,2023-02-25 08:21:11,28751779864205945
576,2023-02-26 03:45:47,30351519711441877
577,2023-02-26 23:10:11,30445857346302585
578,2023-02-27 18:33:23,29504300917826619
579,2023-02-28 13:59:35,29123794124193007
580,2023-03-01 09:23:47,29363709808003810
581,2023-03-02 04:48:59,28043092915015547
582,2023-03-03 00:20:59,26513496879340317
583,2023-03-03 19:45:23,26259339795254785
584,2023-03-04 15:15:11,25561965347161201
585,2023-03-05 10:40:47,25503563278646541
586,2023-03-06 06:05:23,25191067063964614
587,2023-03-07 01:31:23,24792329805390831
588,2023-03-07 21:01:47,23647377102515367
589,2023-03-08 16:26:47,23902336709569243
590,2023-03-09 11:50:23,24085884928732685
591,2023-03-10 07:22:23,25290071730403979
592,2023-03-11 02:46:59,24856138707895264
593,2023-03-11 22:18:23,22943200723646552
594,2023-03-12 17:43:23,22347905502537549
595,2023-03-13 13:08:11,23363610854658880
596,2023-03-14 08:33:23,25432577642736424
597,2023-03-15 03:58:23,24901308529291169
598,2023-03-15 23:29:11,23244553446848707
599,2023-03-16 18:52:23,23402964294635094
600,2023-03-17 14:19:59,24264102040392409
601,2023-03-18 09:43:11,24191705486886766
602,2023-03-19 05:07:59,23940884300780031
603,2023-03-20 00:32:11,23877883469441747
604,2023-03-20 19:58:35,23464249901790285
605,2023-03-21 15:21:59,22813185213938848
606,2023-03-22 10:46:23,22467797165080946
607,2023-03-23 06:12:35,22367661544550883
608,2023-03-24 01:36:11,21929968744334428
609,2023-03-24 21:02:11,21775956285575473
610,2023-03-25 16:27:11,21853106273063427
611,2023-03-26 11:50:11,23281045016056595
612,2023-03-27 07:15:11,23667244732048160
613,2023-03-28 02:41:23,23802570815947386
614,2023-03-28 22:11:11,25933688090465372
615,2023-03-29 17:36:11,25371282326344238
616,2023-03-30 13:01:47,23763975819685282
617,2023-03-31 08:26:35,24006982534193183
618,2023-04-01 03:51:59,24252299548864483
619,2023-04-01 23:15:47,24294820213696013
620,2023-04-02 18:46:59,24305677985611442
621,2023-04-03 14:17:23,24512287907668855
622,2023-04-04 09:56:23,24098076542647509
623,2023-04-05 05:33:23,25557463463328411
624,2023-04-06 01:10:35,24819609437993921
625,2023-04-06 21:00:59,24626804174618707
626,2023-04-07 16:32:11,24749674394141273
627,2023-04-08 12:08:47,24162922657775229
628,2023-04-09 07:40:47,24160361508328791
629,2023-04-10 03:18:59,24219093424958461
630,2023-04-10 22:56:11,24543342633103885
631,2023-04-11 18:27:23,24861986656523518
632,2023-04-12 13:59:47,22962075676702842
633,2023-04-13 10:57:47,22187868738297762
634,2023-04-14 07:15:59,23302094202113784
635,2023-04-15 03:04:35,24403850484864753
636,2023-04-15 22:42:35,24720683494193322
637,2023-04-16 18:21:23,26441557411826757
638,2023-04-17 13:59:11,28341678141620649
639,2023-04-18 09:31:23,26209904058690737
640,2023-04-19 05:03:23,26795561333545859
641,2023-04-20 00:38:59,26544875659540333
642,2023-04-20 20:16:23,25089251860466283
643,2023-04-21 15:50:23,24442925943931718
644,2023-04-22 11:13:23,24491858265255656
645,2023-04-23 06:38:35,24914249071755524
646,2023-04-24 01:57:35,25026610197548943
647,2023-04-24 21:22:35,24874420136299078
648,2023-04-25 16:45:47,24852044347562422
649,2023-04-26 12:10:59,25061670235152983
650,2023-04-27 07:35:47,25084234762671401
651,2023-04-28 03:00:59,24891837454893408
652,2023-04-28 22:25:23,24742941010861003
653,2023-04-29 17:58:11,24423380399697567
654,2023-04-30 13:22:11,24567897023186891
655,2023-05-01 08:46:23,24844590225132331
656,2023-05-02 04:10:23,25468408244953537
657,2023-05-02 23:35:11,25706357292519144
658,2023-05-03 19:09:11,26854573507511112
659,2023-05-04 14:31:11,27366925808263276
660,2023-05-05 09:57:35,26415130391456254
661,2023-05-06 05:22:11,25773277434015871
662,2023-05-07 00:46:23,25683233134576382
663,2023-05-07 20:11:47,25693507968926936
664,2023-05-08 15:36:35,25473502181286610
665,2023-05-09 11:00:11,25557699377664099
666,2023-05-10 06:33:59,25683233134576382
667,2023-05-11 01:58:11,25626794948309753
668,2023-05-11 21:34:23,25361670573126703
669,2023-05-12 17:05:59,25252854951597250
670,2023-05-13 13:12:59,25742369594873495
671,2023-05-14 08:48:23,27672375522375443
672,2023-05-15 04:23:47,28093377912070944
673,2023-05-15 23:56:35,28577881146781352
674,2023-05-16 19:26:35,27312249385070103
675,2023-05-17 14:57:11,27526107198831028
676,2023-05-18 10:28:47,27644718360573660
677,2023-05-19 05:52:35,27380612008133671
678,2023-05-20 01:23:35,27189626502281220
679,2023-05-20 20:47:47,27233162547467813
680,2023-05-21 16:13:59,27312249385070103
681,2023-05-22 11:44:11,27350511398300534
682,2023-05-23 07:16:11,26304425022990796
683,2023-05-24 02:40:47,26257122008544894
684,2023-05-24 22:06:23,25835204486295739
685,2023-05-25 17:31:23,25711498821041221
686,2023-05-26 13:01:35,25848124672317700
687,2023-05-27 08:25:23,25804222382971194
688,2023-05-28 03:50:47,25876571830191613
689,2023-05-28 23:10:47,26073973080845915
690,2023-05-29 18:33:23,26032290163253692
691,2023-05-30 14:04:11,26110500379968140
692,2023-05-31 09:28:59,25938747074324013
693,2023-06-01 05:01:47,26024482037881842
694,2023-06-02 00:25:59,26016676254479194
695,2023-06-02 19:57:23,26024482037881842
696,2023-06-03 15:22:11,25959505336285404
697,2023-06-04 10:54:35,26105279063102729
698,2023-06-05 06:26:23,26186326935171404
699,2023-06-06 02:01:47,26246621784928626
700,2023-06-06 21:26:11,26019277922104641
701,2023-06-07 16:57:35,26008872812343297
702,2023-06-08 12:29:11,25918005411501707
703,2023-06-09 08:01:47,25724357141858751
704,2023-06-10 03:23:59,25696077319723828
705,2023-06-10 22:56:23,25270537254046846
706,2023-06-11 18:28:47,25189804812183924
707,2023-06-12 13:53:35,24277286142921405
708,2023-06-13 09:24:11,23656607942217779
709,2023-06-14 04:47:47,23699226050434956
710,2023-06-15 00:13:23,23720563887592759
711,2023-06-15 19:42:47,23675539853746713
712,2023-06-16 15:09:59,23932608503077824
713,2023-06-17 10:27:35,24009311674817697
714,2023-06-18 05:52:11,23801347019227911
715,2023-06-19 01:17:23,23808488137397891
716,2023-06-19 20:42:35,23444664244930366
717,2023-06-20 16:07:23,23379114275269780
718,2023-06-21 11:32:47,23260190252580617
719,2023-06-22 06:51:11,21642239363055021
720,2023-06-23 02:20:23,21962713975996165
721,2023-06-23 21:45:47,21341374026218335
722,2023-06-24 17:10:35,21040482941752653
723,2023-06-25 12:35:23,20523069318221598
724,2023-06-26 08:07:23,20304654002793893
725,2023-06-27 03:32:59,20320903412436452
726,2023-06-27 23:03:23,20130791352273325
727,2023-06-28 18:27:35,20082537793097178
728,2023-06-29 13:46:11,20034399897827751
729,2023-06-30 09:10:11,20002372088434780
730,2023-07-01 04:35:47,19982380713251902
731,2023-07-02 00:02:23,19972392519553139
732,2023-07-02 19:26:59,18913078573272502
733,2023-07-03 14:49:59,20060460250258119
734,2023-07-04 10:15:11,20030393618800055
735,2023-07-05 05:39:11,19988376026957281
736,2023-07-06 01:04:47,20112682695591803
737,2023-07-06 20:29:59,20074506785832138
738,2023-07-07 15:52:59,19914559371449764
739,2023-07-08 11:20:11,19500734681963785
740,2023-07-09 06:49:59,19477349003822873
741,2023-07-10 02:14:47,19405419560446591
742,2023-07-10 21:40:59,19239256784228948
743,2023-07-11 17:04:59,19243104827978361
744,2023-07-12 12:35:35,19266209258455558
745,2023-07-13 08:00:11,19124172595438584
746,2023-07-14 03:25:47,19021185528018742
747,2023-07-14 22:57:47,19002174799959462
748,2023-07-15 18:27:59,18994575829876981
749,2023-07-16 13:59:23,18696834766640687
750,2023-07-17 09:24:59,18488608869938497
751,2023-07-18 04:42:59,18171522495644273
752,2023-07-19 00:08:11,17997919188784386
753,2023-07-19 19:30:59,17753041183820825
754,2023-07-20 14:56:23,17043329157467609
755,2023-07-21 10:14:23,16026794057462080
756,2023-07-22 05:33:11,16238115628085151
757,2023-07-23 00:59:47,16355446076956869
758,2023-07-23 20:16:11,16564474310816080
759,2023-07-24 15:41:47,16277131955674896
760,2023-07-25 11:01:11,16095854191844113
761,2023-07-26 06:19:23,15930925978268647
762,2023-07-27 01:38:47,15756654754796183
763,2023-07-27 21:01:47,16029999576541513
764,2023-07-28 16:20:11,15894328781257004
765,2023-07-29 11:44:59,15598321387708932
766,2023-07-30 07:04:59,15631110639853141
767,2023-07-31 02:21:35,15764534657996631
768,2023-07-31 21:39:23,15707887192168612
769,2023-08-01 16:58:47,16432493741386192
770,2023-08-02 12:17:47,16020384942198021
771,2023-08-03 07:35:23,15766111111462431
772,2023-08-04 02:59:47,15449301393648519
773,2023-08-04 22:17:47,15252820321044519
774,2023-08-05 17:35:59,15280298746888461
775,2023-08-06 12:55:11,15260448256639609
776,2023-08-07 08:19:35,15173715461427779
777,2023-08-08 03:38:35,14603578477699547
778,2023-08-08 23:02:47,13903895528621610
779,2023-08-09 18:20:59,14139442249058557
780,2023-08-10 13:45:23,14925415677309644
781,2023-08-11 09:04:35,15370714452850105
782,2023-08-12 04:22:47,14776912697919615
783,2023-08-12 23:49:11,14796134214646069
784,2023-08-13 19:06:35,14670906307655040
785,2023-08-14 14:26:11,14663573054623779
786,2023-08-15 09:44:23,14726759011967604
787,2023-08-16 05:01:47,14417853137113291
788,2023-08-17 00:26:35,14867322815472405
789,2023-08-17 19:45:47,15101059773080727
790,2023-08-18 15:09:11,15194972476679600
791,2023-08-19 10:28:59,14800573498809285
792,2023-08-20 05:52:11,15025746679435728
793,2023-08-21 01:11:59,14906026212269059
794,2023-08-21 20:29:11,14834652289532425
795,2023-08-22 15:54:35,14870296428708728
796,2023-08-23 11:13:59,14578774723618734
797,2023-08-24 06:32:59,14667972566462022
798,2023-08-25 01:49:35,14532199533270586
799,2023-08-25 21:14:59,14389047686139920
800,2023-08-26 16:33:11,14215997923784392
801,2023-08-27 11:51:59,13876116914345284
802,2023-08-28 07:16:11,13928943824883122
803,2023-08-29 02:34:47,13954037246422246
804,2023-08-29 21:58:47,13947062320416328
805,2023-08-30 17:23:47,14015567200495703
806,2023-08-31 12:41:11,13948457026648370
807,2023-09-01 07:59:59,13665438657542214
808,2023-09-02 03:24:47,13612249891678578
809,2023-09-02 22:50:11,13559268147695834
810,2023-09-03 18:09:11,13239059385146463
811,2023-09-04 13:33:11,14726759011967604
812,2023-09-05 08:46:35,14626961735738702
813,2023-09-06 04:10:35,14297256415799067
814,2023-09-06 23:35:23,14142270278902791
815,2023-09-07 18:54:11,14149342828410700
816,2023-09-08 14:11:35,14350251595449424
817,2023-09-09 09:36:23,14220263149655681
818,2023-09-10 04:59:35,14295826833115756
819,2023-09-11 00:19:23,14196110445531337
820,2023-09-11 19:43:59,13777950296357026
821,2023-09-12 15:03:23,13944273326308333
822,2023-09-13 10:27:59,13844240111630638
823,2023-09-14 05:53:11,13786219133502964
824,2023-09-15 01:18:47,13728441320321560
825,2023-09-15 20:48:35,13636772779337696
826,2023-09-16 16:20:35,13720207137733424
827,2023-09-17 11:52:35,13988964233761986
828,2023-09-18 07:27:47,13952641982224023
829,2023-09-19 02:53:23,13845624535641801
830,2023-09-19 22:12:35,13687319765575804
831,2023-09-20 17:36:35,13575548221573757
832,2023-09-21 12:54:11,13397537341832171
833,2023-09-22 08:21:11,13154604172710748
834,2023-09-23 03:44:47,13173032594031933
835,2023-09-23 23:03:11,13448542281539233
836,2023-09-24 18:27:35,13468729222051860
837,2023-09-25 13:47:11,13548425612887546
838,2023-09-26 09:04:47,13717463507857218
839,2023-09-27 04:24:23,13623143503784272
840,2023-09-27 23:48:23,13655876675657149
841,2023-09-28 19:11:59,13448542281539233
842,2023-09-29 14:32:11,13240383291084977
843,2023-09-30 09:49:23,13096853945479646
844,2023-10-01 05:08:11,13186211556071673
845,2023-10-02 00:26:23,13301426293396294
846,2023-10-02 19:44:35,13206004724929441
847,2023-10-03 15:02:23,13174349897291336
848,2023-10-04 10:27:47,12908329097439512
849,2023-10-05 05:47:47,12772230212202392
850,2023-10-06 01:05:11,12466867302008860
851,2023-10-06 20:24:47,12443203924611098
852,2023-10-07 15:47:11,12441959728638235
853,2023-10-08 11:05:35,12328024302355265
854,2023-10-09 06:24:59,12379908290378212
855,2023-10-10 01:42:35,12384860996538382
856,2023-10-10 21:08:11,12396011831025709
857,2023-10-11 16:26:11,12291097493664617
858,2023-10-12 11:51:11,11906408793365026
859,2023-10-13 07:15:59,11981652174452420
860,2023-10-14 02:35:35,11306518231297599
861,2023-10-14 21:53:11,11973268371786705
862,2023-10-15 17:11:23,12941932738743384
863,2023-10-16 12:28:47,12511826654647010
864,2023-10-17 07:47:47,12233467752855717
865,2023-10-18 03:05:59,12202923806485915
866,2023-10-18 22:30:47,12221241010819637
867,2023-10-19 17:49:35,11923088604842864
868,2023-10-20 13:08:59,11815086055445326
869,2023-10-21 08:32:35,12067020334924639
870,2023-10-22 03:51:35,11835187778293690
871,2023-10-22 23:09:23,11823359097265779
872,2023-10-23 18:35:23,12121441561344074
873,2023-10-24 13:52:59,12991203174211503
874,2023-10-25 09:17:35,12909619930349256
875,2023-10-26 04:41:11,14015567200495703
876,2023-10-26 23:59:59,13640864220288318
877,2023-10-27 19:17:59,13548425612887546
878,2023-10-28 14:37:23,13433757757222508
879,2023-10-29 10:02:11,13098163630874194
880,2023-10-30 05:19:59,13169081474503969
881,2023-10-31 00:45:47,13074609319274359
882,2023-10-31 20:04:35,12973029123258956
883,2023-11-01 15:28:59,12908329097439512
884,2023-11-02 10:47:59,12930290821013469
885,2023-11-03 06:12:35,12885116163599105
886,2023-11-04 01:30:35,12903167056375325
887,2023-11-04 20:55:23,13025022557671327
888,2023-11-05 16:19:47,13106024494039246
889,2023-11-06 11:39:23,13334719794018779
890,2023-11-07 07:02:47,13492993552801869
891,2023-11-08 02:21:59,13728441320321560
892,2023-11-08 21:39:59,14077368469256188
893,2023-11-09 16:57:59,14166331381484616
894,2023-11-10 12:23:59,15266553351630204
895,2023-11-11 07:41:47,15415351986065165
896,2023-11-12 02:59:59,15280298746888461
897,2023-11-12 22:25:47,14982237308576686
898,2023-11-13 17:42:47,14891128381092947
899,2023-11-14 13:01:47,14169164789424227
900,2023-11-15 08:20:23,14307267498214428
901,2023-11-16 03:45:11,14407764675705393
902,2023-11-16 23:02:11,14682647141376603
903,2023-11-17 18:21:59,14220263149655681
904,2023-11-18 13:45:47,13986166860528211
905,2023-11-19 09:10:11,14068925003633858
906,2023-11-20 04:29:23,14000159322842461
907,2023-11-20 23:48:35,13835936474078980
908,2023-11-21 19:13:23,13589129880421381
909,2023-11-22 14:35:47,13405577874135843
910,2023-11-23 09:55:59,13824872704176992
911,2023-11-24 05:15:11,13688688497552362
912,2023-11-25 00:39:11,13834553018777102
913,2023-11-25 19:57:35,13568762483320154
914,2023-11-26 15:22:35,13612249891678578
915,2023-11-27 10:45:47,13258931881262116
916,2023-11-28 06:05:47,13282818255637513
917,2023-11-29 01:30:35,13342722626369874
918,2023-11-29 20:48:59,13374782013607464
919,2023-11-30 16:08:11,13284146537463077
920,2023-12-01 11:26:47,13019813850890060
921,2023-12-02 06:51:23,12967841208653150
922,2023-12-03 02:08:47,13022417943858376
923,2023-12-03 21:32:35,13552490547037729
924,2023-12-04 16:51:23,13997359710926678
925,2023-12-05 12:10:23,13963808003331003
926,2023-12-06 07:34:23,13614972477779413
927,2023-12-07 03:00:59,13221860649468450
928,2023-12-07 22:17:35,13075916780206286
929,2023-12-08 17:43:23,13364087001313571
930,2023-12-09 13:08:35,13148028843354699
931,2023-12-10 08:33:11,12960063226448576
932,2023-12-11 03:50:47,12931583850095570
933,2023-12-11 23:09:59,12776062264445731
934,2023-12-12 18:34:35,13015908687793445
935,2023-12-13 13:52:11,12358881375554118
936,2023-12-14 09:16:47,12251830805194039
937,2023-12-15 04:37:47,12282497165894156
938,2023-12-16 00:00:11,12171238996903799
939,2023-12-16 19:31:59,12207805708232750
940,2023-12-17 14:55:23,12270221421400431
941,2023-12-18 10:15:35,12142064505404348
942,2023-12-19 05:40:35,12053754573339682
943,2023-12-20 01:05:11,12045320319177363
944,2023-12-20 20:30:23,12112959945236824
945,2023-12-21 15:55:11,12112959945236824
946,2023-12-22 11:18:59,12151781557466774
947,2023-12-23 06:38:11,12340357875748178
948,2023-12-24 02:03:59,12221241010819637
949,2023-12-24 21:27:11,12202923806485915
950,2023-12-25 16:58:59,12461881801525492
951,2023-12-26 12:17:59,12721245877173603
952,2023-12-27 07:40:47,12825983694764040
953,2023-12-28 03:07:23,13507843269083194
954,2023-12-28 22:30:47,13400216983275911
955,2023-12-29 17:57:11,13532178064994281
956,2023-12-30 13:27:23,13583695587110466
957,2023-12-31 08:51:35,13357406961958315
958,2024-01-01 04:16:59,13266889229495854
959,2024-01-01 23:41:23,13167764698034165
960,2024-01-02 19:07:35,12854230506676257
961,2024-01-03 14:30:47,12792681114372945
962,2024-01-04 09:51:11,12758189184989330
963,2024-01-05 05:15:23,12785008191451126
964,2024-01-06 00:45:47,13196764218194286
965,2024-01-06 20:15:35,13286803499612035
966,2024-01-07 15:53:59,12948404999435455
967,2024-01-08 11:26:47,12408413422549841
968,2024-01-09 06:49:59,12207805708232750
969,2024-01-10 02:16:23,12344060353333979
970,2024-01-10 21:34:11,13540299401930651
971,2024-01-11 16:58:11,14412087437355453
972,2024-01-12 12:23:35,13786219133502964
973,2024-01-13 07:40:59,13549780455448834
974,2024-01-14 03:00:59,13614972477779413
975,2024-01-14 22:19:47,13547070905796966
976,2024-01-15 17:35:47,13594566347775700
977,2024-01-16 12:55:59,13551135433494379
978,2024-01-17 08:14:11,13585053956669177
979,2024-01-18 03:36:35,13352065334647126
980,2024-01-18 22:57:11,12804199133815828
981,2024-01-19 18:15:35,12328024302355265
982,2024-01-20 13:33:59,12112959945236824
983,2024-01-21 08:45:47,12336656508683541
984,2024-01-22 04:29:23,12356409969996019
985,2024-01-23 00:02:35,12466867302008860
986,2024-01-23 19:27:59,12222463134920719
987,2024-01-24 14:49:47,12469360800137934
988,2024-01-25 10:09:23,12767122597085132
989,2024-01-26 05:34:47,12791401974175527
990,2024-01-27 00:51:59,12988605323260797
991,2024-01-27 20:17:23,13145399631974308
992,2024-01-28 15:42:35,13062848052304542
993,2024-01-29 11:00:59,12881251401728163
994,2024-01-30 06:24:47,12773507435223612
995,2024-01-31 01:43:47,12849090099639597
996,2024-01-31 21:09:35,12667931349048930
997,2024-02-01 16:34:11,12569510744798136
998,2024-02-02 11:58:11,12449426771018235
999,2024-02-03 07:21:23,12160290356856483
1000,2024-02-04 02:48:23,12052549318407842
1001,2024-02-04 22:12:23,12041707445680394
1002,2024-02-05 17:37:47,11978058397579417
1003,2024-02-06 12:56:59,11996038067588755
1004,2024-02-07 08:26:47,11956518361295813
1005,2024-02-08 03:50:59,11896887951209123
1006,2024-02-08 23:08:47,11955322829012911
1007,2024-02-09 18:35:11,11962497816247868
1008,2024-02-10 13:59:35,12034484949297365
1009,2024-02-11 09:22:47,11697529833299325
1010,2024-02-12 04:49:11,11498062628582547
1011,2024-02-13 00:08:11,11232144632427744
1012,2024-02-13 19:32:11,11088187682938798
1013,2024-02-14 14:56:59,11195141494023848
1014,2024-02-15 10:22:23,11649670532514099
1015,2024-02-16 05:46:35,11544144677691395
1016,2024-02-17 01:12:23,11292959224390233
1017,2024-02-17 20:36:35,11202980444441248
1018,2024-02-18 16:01:35,10989945550521322
1019,2024-02-19 11:32:23,10621524111418021
1020,2024-02-20 06:57:11,10276751094896527
1021,2024-02-21 02:22:11,9829483539622547
1022,2024-02-21 21:47:11,9518982839147664
1023,2024-02-22 17:11:11,9322110423914889
1024,2024-02-23 12:28:59,9363216020533405
1025,2024-02-24 07:47:11,9378208407270588
1026,2024-02-25 03:12:35,9603115321593803
1027,2024-02-25 22:31:35,9782417420946291
1028,2024-02-26 17:55:47,9893580065905867
1029,2024-02-27 13:15:23,9798081033200645
1030,2024-02-28 08:32:47,9545672004056097
1031,2024-02-29 03:57:35,9395103538718027
1032,2024-02-29 23:15:11,9271909202924449
1033,2024-03-01 18:35:23,8961978463467854
1034,2024-03-02 13:51:59,8869261487141964
1035,2024-03-03 09:11:35,9142099085403913
1036,2024-03-04 04:28:11,9158568858631991
1037,2024-03-04 23:48:35,8944073312902177
1038,2024-03-05 19:07:11,9207235693478696
1039,2024-03-06 14:25:47,9085596235991271
1040,2024-03-07 09:43:11,9197113808359079
1041,2024-03-08 05:01:59,9068350853698536
1042,2024-03-09 00:32:11,8759091225542124
1043,2024-03-09 19:52:35,8964667325875210
1044,2024-03-10 15:09:47,9027636985421198
1045,2024-03-11 10:28:23,8987105908821956
1046,2024-03-12 05:53:59,9153075640103508
1047,2024-03-13 01:12:35,9178738880525943
1048,2024-03-13 20:35:47,9442194330790564
1049,2024-03-14 16:08:23,9336103382009539
1050,2024-03-15 11:32:47,8966460348987059
1051,2024-03-16 06:56:35,8491738146814155
1052,2024-03-17 02:28:11,8301156504697888
1053,2024-03-17 21:52:35,8128658411777189
1054,2024-03-18 17:18:11,8104310194518566
1055,2024-03-19 12:43:11,8255627739192161
1056,2024-03-20 08:07:23,8437567262896051
1057,2024-03-21 03:31:47,8316942905081477
1058,2024-03-21 22:58:23,8708438065205278
1059,2024-03-22 18:20:11,9161316704055805
1060,2024-03-23 13:40:59,9304416113727665
1061,2024-03-24 09:11:47,9233974092031818
1062,2024-03-25 04:36:35,9187921750940607
1063,2024-03-26 00:07:23,9154906346762285
1064,2024-03-26 19:32:23,8936921273045254
1065,2024-03-27 15:17:35,8874584374600871
1066,2024-03-28 11:12:47,8996996669713079
1067,2024-03-29 06:51:11,8983511964989307
1068,2024-03-30 02:16:23,8683221437408632
1069,2024-03-30 21:38:47,8351110658667032
1070,2024-03-31 17:12:47,8187393006481584
1071,2024-04-01 12:37:59,8299496522398443
1072,2024-04-02 08:00:47,8904807801039550
1073,2024-04-03 03:24:47,8457840729099253
1074,2024-04-03 22:45:11,8375362815621243
1075,2024-04-04 18:03:23,8198043005898735
1076,2024-04-05 13:28:11,8140859938185837
1077,2024-04-06 08:46:23,8221028541791397
1078,2024-04-07 04:10:59,8135977131347727
1079,2024-04-07 23:34:11,8308630534665860
1080,2024-04-08 18:54:59,8478162907617164
1081,2024-04-09 14:18:35,8295348018771298
1082,2024-04-10 09:37:59,8023674972303842
1083,2024-04-11 04:55:35,7972489978371318
1084,2024-04-12 00:23:11,7607991459854380
1085,2024-04-12 19:39:35,7452877747598842
1086,2024-04-13 15:03:23,6803959943709599
1087,2024-04-14 10:28:59,6436002175580294
1088,2024-04-15 05:54:35,6845588857063189
1089,2024-04-16 01:17:47,6643281095096300
1090,2024-04-16 20:37:35,6631997675020590
1091,2024-04-17 15:54:11,6604863504297453
1092,2024-04-18 11:19:23,6649262440221201
1093,2024-04-19 06:37:23,6701326871405168
1094,2024-04-20 02:02:35,7040668179045702
1095,2024-04-20 21:21:11,7264514827131651
1096,2024-04-21 16:40:47,7231176462838842
1097,2024-04-22 11:58:23,7390538881183109
1098,2024-04-23 07:15:35,7386106109453787
1099,2024-04-24 02:34:59,7435013180273438
1100,2024-04-24 22:00:23,7397932746693809
1101,2024-04-25 17:18:47,6959472334221843
1102,2024-04-26 12:35:35,6825766396942913
1103,2024-04-27 08:00:47,6782223156118935
1104,2024-04-28 03:25:35,6776799818380733
1105,2024-04-28 22:45:47,6685932299860063
1106,2024-04-29 18:01:59,6653918320507215
1107,2024-04-30 13:22:23,6704678205040574
1108,2024-05-01 08:40:23,6382807082239229
1109,2024-05-02 03:57:23,6434715168199503
1110,2024-05-02 23:22:59,6436645775797852
1111,2024-05-03 18:41:59,6693290503756073
1112,2024-05-04 14:00:47,6940708040314016
1113,2024-05-05 09:18:35,6626694463604116
1114,2024-05-06 04:36:11,6683926921259193
1115,2024-05-06 23:54:47,6658577460887328
1116,2024-05-07 19:19:47,6715413739538326
1117,2024-05-08 14:38:47,6922686538573136
1118,2024-05-09 10:03:11,6760555811608281
1119,2024-05-10 05:20:59,6570609065492172
1120,2024-05-11 00:38:59,6563385730243577
1121,2024-05-11 19:56:23,6677246669027755
1122,2024-05-12 15:22:35,6723476669676563
1123,2024-05-13 10:41:11,6718772118016626
1124,2024-05-14 05:59:35,6720115939627951
1125,2024-05-15 01:25:11,6667905531062449
1126,2024-05-15 20:43:35,6759879823625919
1127,2024-05-16 16:00:11,6902640830205118
1128,2024-05-17 11:20:47,6553548523249993
1129,2024-05-18 06:36:47,6307305577857976
1130,2024-05-19 02:02:47,6276476913840736
1131,2024-05-19 21:21:11,6141751161839911
1132,2024-05-20 16:39:11,6057581311897973
1133,2024-05-21 12:03:35,5613724492792586
1134,2024-05-22 07:21:59,5822982408594739
1135,2024-05-23 02:39:47,5787572097632701
1136,2024-05-23 21:59:11,5758707900952731
1137,2024-05-24 17:17:59,5966206849685159
1138,2024-05-25 12:43:23,6128254835491163
1139,2024-05-26 08:00:23,6133772471529697
1140,2024-05-27 03:20:23,6055158885010215
1141,2024-05-27 22:37:23,6108676740563710
1142,2024-05-28 17:56:11,5997910100258118
1143,2024-05-29 13:13:11,6012922883041848
1144,2024-05-30 08:33:11,5923406566254105
1145,2024-05-31 03:58:47,5831722998989412
1146,2024-05-31 23:15:47,5777164358010879
1147,2024-06-01 18:33:59,5634532704476780
1148,2024-06-02 13:52:35,5340487262887968
1149,2024-06-03 09:10:11,5426617960859638
1150,2024-06-04 04:29:11,5395236240703936
1151,2024-06-04 23:49:11,5368865562558548
1152,2024-06-05 19:01:59,5551204668932539
1153,2024-06-06 14:19:23,5782365886197613
1154,2024-06-07 09:37:11,5914528560466499
1155,2024-06-08 04:56:23,5752377121362483
1156,2024-06-09 00:14:47,5483894762662427
1157,2024-06-09 19:32:23,5341021311614257
1158,2024-06-10 14:50:59,5408740529430289
1159,2024-06-11 10:10:11,5287879905377501
1160,2024-06-12 05:26:47,5362427109645082
1161,2024-06-13 00:47:11,5425532800044301
1162,2024-06-13 20:10:11,5389305040152582
1163,2024-06-14 15:29:23,6980381053203702
1164,2024-06-15 10:54:59,6944873506383235
1165,2024-06-16 06:12:35,7366928134622300
1166,2024-06-17 00:06:23,7371349396689643
1167,2024-06-17 06:12:35,7640774617278822
1168,2024-06-18 06:13:23,7460333980035929
1169,2024-06-19 06:12:35,7962929206038557
1170,2024-06-20 06:11:59,7799019048729725
1171,2024-06-21 06:11:11,7313348043460356
1172,2024-06-22 06:10:59,6759879823625919
1173,2024-06-23 06:11:11,6671240150685215
1174,2024-06-24 06:12:23,6791724442829981
1175,2024-06-25 06:11:59,6823719076501566
1176,2024-06-26 06:13:11,6688607073962689
1177,2024-06-27 06:12:23,6436645775797852
1178,2024-06-28 06:12:11,5941202576836703
1179,2024-06-29 06:12:35,5680355459919882
1180,2024-06-30 06:11:59,5739736433574065
1181,2024-07-01 06:11:59,5774276642204367
1182,2024-07-02 06:12:35,5774276642204367
1183,2024-07-03 06:11:35,5621026714944247
1184,2024-07-04 06:10:35,5541221986763391
1185,2024-07-05 06:11:47,5491028104860589
1186,2024-07-06 06:11:11,5053189668152175
1187,2024-07-07 06:11:47,5076994366600482
1188,2024-07-08 06:12:23,4872569817753072
1189,2024-07-09 06:12:35,4723844737884683
1190,2024-07-10 06:11:59,4715349889748635
1191,2024-07-11 06:11:11,5369402449114804
1192,2024-07-12 06:12:11,5040069095168459
1193,2024-07-13 06:11:47,5166619217115311
1194,2024-07-14 06:12:11,5085632165189606
1195,2024-07-15 06:12:47,5154234817427738
1196,2024-07-16 06:11:59,5070905931568834
1197,2024-07-17 06:11:47,5011924992451015
1198,2024-07-18 06:12:11,5845735241552071
1199,2024-07-19 06:11:11,5560649270284214
1200,2024-07-20 06:12:11,5444554482303154
1201,2024-07-21 06:12:23,5386072588580816
1202,2024-07-22 06:13:35,5285236758421759
1203,2024-07-23 06:11:23,5134686867129823
1204,2024-07-24 06:11:23,4882812453250406
1205,2024-07-25 06:12:23,4882812453250406
1206,2024-07-26 06:13:11,4931389929475515
1207,2024-07-27 06:12:35,5007416514497336
1208,2024-07-28 06:13:35,4967518980138249
1209,2024-07-29 06:11:47,4921045393406099
1210,2024-07-30 06:12:47,4696996754694859
1211,2024-07-31 06:12:23,4557730585445546
1212,2024-08-01 06:11:59,4585616312757320
1213,2024-08-02 06:11:35,4423478227462084
1214,2024-08-03 06:11:59,4431004159388177
1215,2024-08-04 06:11:23,4211541660263914
1216,2024-08-05 06:10:35,4313404829256967
1217,2024-08-06 06:11:47,4499316363305014
1218,2024-08-07 06:11:35,4667966911784284
1219,2024-08-08 06:11:59,4775136171740867
1220,2024-08-09 06:11:23,4739932339051878
1221,2024-08-10 06:11:59,4591122079848457
1222,2024-08-11 06:11:59,4587450834437744
1223,2024-08-12 06:11:59,4503817704900695
1224,2024-08-13 06:11:11,4453658868290586
1225,2024-08-14 06:12:11,4457668764963403
1226,2024-08-15 06:11:11,4307801326215513
1227,2024-08-16 06:12:59,4078912344485832
1228,2024-08-17 06:11:47,3962328353538569
1229,2024-08-18 06:12:23,4052891960519075
1230,2024-08-19 06:12:23,4215755097623399
1231,2024-08-20 06:11:59,4345875354248085
1232,2024-08-21 06:12:35,4476877048468839
1233,2024-08-22 06:12:35,4513736514609550
1234,2024-08-23 06:11:11,4570509474246868
1235,2024-08-24 06:10:47,5110611663638834
1236,2024-08-25 06:12:11,5033521589515303
1237,2024-08-26 06:11:23,4923506408256554
1238,2024-08-27 06:11:59,4754172774031830
1239,2024-08-28 06:11:35,4975970521609393
1240,2024-08-29 06:12:35,4767979194401029
1241,2024-08-30 06:12:35,4646544644074041
1242,2024-08-31 06:12:35,4494370083567824
1243,2024-09-01 06:11:23,4378590311430230
1244,2024-09-02 06:12:11,4404058648626127
1245,2024-09-03 06:12:11,4415965078112878
1246,2024-09-04 06:11:47,4475981807347551
1247,2024-09-05 06:12:23,4313404829256967
1248,2024-09-06 06:11:59,4156732985490583
1249,2024-09-07 06:10:59,4167137297719012
1250,2024-09-08 06:11:47,4008957512541720
1251,2024-09-09 06:12:11,4092394314151061
1252,2024-09-10 06:11:23,4944722005896725
1253,2024-09-11 06:13:23,4677779451240736
1254,2024-09-12 06:12:23,4348483531428861
1255,2024-09-13 06:12:35,4318583762848425
1256,2024-09-14 06:12:23,4274332846016468
1257,2024-09-15 06:11:35,4245791961692350
1258,2024-09-16 06:12:47,4249189784321248
1259,2024-09-17 06:12:35,4095259849717020
1260,2024-09-18 06:11:11,4109617652812068
1261,2024-09-19 06:11:59,4144696522951570
1262,2024-09-20 06:13:11,4183420049785259
1263,2024-09-21 06:12:23,4165887406516269
1264,2024-09-22 06:12:23,4066287925387512
1265,2024-09-23 06:12:35,4362856510818753
1266,2024-09-24 06:12:35,4142210575192018
1267,2024-09-25 06:12:11,4190118544312452
1268,2024-09-26 06:12:11,4304787071109768
1269,2024-09-27 06:13:23,4323336580921337
1270,2024-09-28 06:12:59,4524129536344360
1271,2024-09-29 06:11:59,4305648071571861
1272,2024-09-30 06:12:47,4367221331138636
1273,2024-10-01 06:11:11,4427018248865703
1274,2024-10-02 06:12:23,4172557827765239
1275,2024-10-03 06:11:11,4174227101266505
1276,2024-10-04 06:11:35,4087077923760195
1277,2024-10-05 06:11:23,4206070486692997
1278,2024-10-06 06:12:47,4179656853589418
1279,2024-10-07 06:13:23,4237309287397323
1280,2024-10-08 06:12:35,4389111021953843
1281,2024-10-09 06:12:47,4344137438607019
1282,2024-10-10 06:13:35,4207753167268728
1283,2024-10-11 06:12:35,4247490533241529
1284,2024-10-12 06:13:11,4305648071571861
1285,2024-10-13 06:11:47,4321607678536175
1286,2024-10-14 06:12:35,4336759047284303
1287,2024-10-15 06:12:47,4310817691932930
1288,2024-10-16 06:12:47,4345440810167068
1289,2024-10-17 06:12:47,4252165109648864
1290,2024-10-18 06:12:47,4283746258572179
1291,2024-10-19 06:12:59,4453213546935892
1292,2024-10-20 06:12:11,4345875354248085
1293,2024-10-21 06:11:35,4434993658665384
1294,2024-10-22 06:12:59,4448762781677018
1295,2024-10-23 06:12:47,4364601915211923
1296,2024-10-24 06:12:35,4298764886826983
1297,2024-10-25 06:11:35,4385162796410058
1298,2024-10-26 06:11:35,4267499723069313
1299,2024-10-27 06:12:47,4180492826756704
1300,2024-10-28 06:11:35,4176314632281593
1301,2024-10-29 06:12:11,4112084039928601
1302,2024-10-30 06:09:59,4149672895190856
1303,2024-10-31 06:12:47,4058975555841031
1304,2024-11-01 06:12:59,4032275858052809
1305,2024-11-02 06:10:59,4006953634988791
1306,2024-11-03 06:10:47,3881155255099250
1307,2024-11-04 06:11:35,3802785693537591
1308,2024-11-05 06:12:23,3689295027374694
1309,2024-11-06 06:11:11,3622760485353706
1310,2024-11-07 06:11:35,3692985983027624
1311,2024-11-08 06:12:11,3574899147302218
1312,2024-11-09 06:12:11,3573826892016233
1313,2024-11-10 06:11:11,3593895458743542
1314,2024-11-11 06:11:47,3821464134338849
1315,2024-11-12 06:10:59,3560628823890254
1316,2024-11-13 06:13:11,3348592924231243
1317,2024-11-14 06:11:59,3271149345333335
1318,2024-11-15 06:10:47,3176382195598352
1319,2024-11-16 06:10:23,3216334155044748
1320,2024-11-17 06:12:35,3211834662578167
1321,2024-11-18 06:11:23,3250606908180176
1322,2024-11-19 06:11:59,3179242083338837
1323,2024-11-20 06:11:59,3170353100330621
1324,2024-11-21 06:10:23,3064071768333120
1325,2024-11-22 06:10:59,3044829754261354
1326,2024-11-23 06:12:23,3063152730616290
1327,2024-11-24 06:11:59,3478629276439283
1328,2024-11-25 06:12:47,3484896134279293
1329,2024-11-26 06:10:59,3822610688226896
1330,2024-11-27 06:10:59,4003749514103406
1331,2024-11-28 06:11:59,3876113283353683
1332,2024-11-29 06:11:35,3914675444540644
1333,2024-11-30 06:11:35,3915849964618184
1334,2024-12-01 06:11:47,3976220104583856
1335,2024-12-02 06:12:11,3870690792506234
1336,2024-12-03 06:10:35,3881155255099250
1337,2024-12-04 06:11:35,4436324289817228
1338,2024-12-05 06:11:11,4505168985331200
1339,2024-12-06 06:11:35,4516445433669074
1340,2024-12-07 06:11:47,4438986749928495
1341,2024-12-08 06:12:47,4219550795237271
1342,2024-12-09 06:10:59,4245367424949855
1343,2024-12-10 06:10:35,3773240817149991
1344,2024-12-11 06:12:35,3609020804408341
1345,2024-12-12 06:11:11,3721902455539469
1346,2024-12-13 06:11:11,4014975160040544
1347,2024-12-14 06:11:47,4051676336063914
1348,2024-12-15 06:11:59,3839850334469578
1349,2024-12-16 06:12:23,3860640569899205
1350,2024-12-17 06:11:35,3715209391331955
1351,2024-12-18 06:11:59,3641646957842759
1352,2024-12-19 06:11:11,3541808350439638
1353,2024-12-20 06:13:11,3492221739080159
1354,2024-12-21 06:11:47,3413162497222531
1355,2024-12-22 06:13:11,3331892580263917
1356,2024-12-23 06:12:23,3391049990096180
1357,2024-12-24 06:12:35,3496764352272945
1358,2024-12-25 06:12:59,3562053289071782
1359,2024-12-26 06:12:35,3477933654928960
1360,2024-12-27 06:11:35,3395461001072380
1361,2024-12-28 06:12:35,3562409494400690
1362,2024-12-29 06:12:23,3583130466170169
1363,2024-12-30 06:12:23,3526259403898835
1364,2024-12-31 06:13:23,3475500074899860
1365,2025-01-01 06:12:35,3410433195553785
1366,2025-01-02 06:11:59,3499912699318930
1367,2025-01-03 06:11:35,3452983707678436
1368,2025-01-04 06:12:59,3420337310649492
1369,2025-01-05 06:12:23,3415552427854184
